NFL Team,W,L,T,PCT,PF,PA,Net Pts,Home,Road,Div,Div_win_pct,Conf,Conf_win_pct,Non-Conf,Strk,Last 5,season,Home_wins,Home_losses,Home_ties,Road_wins,Road_losses,Road_ties,Div_wins,Div_losses,Div_ties,Conf_wins,Conf_losses,Conf_ties,Non-Conf_wins,Non-Conf_losses,Non-Conf_ties,Last 5_wins,Last 5_losses,Last 5_ties
Indianapolis Colts,2,14,0,0.125,243,430,-187,2 - 6 - 0,0 - 8 - 0,2 - 4 - 0,0.333,2 - 10 - 0,0.167,0 - 4 - 0,1L,2 - 3 - 0,2011,2,6,0,0,8,0,2,4,0,2,10,0,0,4,0,2,3,0
Los Angeles Rams,2,14,0,0.125,193,407,-214,1 - 7 - 0,1 - 7 - 0,0 - 6 - 0,0.0,1 - 11 - 0,0.083,1 - 3 - 0,7L,0 - 5 - 0,2011,1,7,0,1,7,0,0,6,0,1,11,0,1,3,0,0,5,0
Minnesota Vikings,3,13,0,0.188,340,449,-109,1 - 7 - 0,2 - 6 - 0,0 - 6 - 0,0.0,3 - 9 - 0,0.25,0 - 4 - 0,1L,1 - 4 - 0,2011,1,7,0,2,6,0,0,6,0,3,9,0,0,4,0,1,4,0
Cleveland Browns,4,12,0,0.25,218,307,-89,3 - 5 - 0,1 - 7 - 0,0 - 6 - 0,0.0,3 - 9 - 0,0.25,1 - 3 - 0,6L,0 - 5 - 0,2011,3,5,0,1,7,0,0,6,0,3,9,0,1,3,0,0,5,0
Tampa Bay Buccaneers,4,12,0,0.25,287,494,-207,3 - 5 - 0,1 - 7 - 0,2 - 4 - 0,0.333,3 - 9 - 0,0.25,1 - 3 - 0,10L,0 - 5 - 0,2011,3,5,0,1,7,0,2,4,0,3,9,0,1,3,0,0,5,0
Jacksonville Jaguars,5,11,0,0.313,243,329,-86,4 - 4 - 0,1 - 7 - 0,3 - 3 - 0,0.5,4 - 8 - 0,0.333,1 - 3 - 0,1W,2 - 3 - 0,2011,4,4,0,1,7,0,3,3,0,4,8,0,1,3,0,2,3,0
Washington Commanders,5,11,0,0.313,288,367,-79,2 - 6 - 0,3 - 5 - 0,2 - 4 - 0,0.333,5 - 7 - 0,0.417,0 - 4 - 0,2L,1 - 4 - 0,2011,2,6,0,3,5,0,2,4,0,5,7,0,0,4,0,1,4,0
Buffalo Bills,6,10,0,0.375,372,434,-62,5 - 3 - 0,1 - 7 - 0,1 - 5 - 0,0.167,4 - 8 - 0,0.333,2 - 2 - 0,1L,1 - 4 - 0,2011,5,3,0,1,7,0,1,5,0,4,8,0,2,2,0,1,4,0
Carolina Panthers,6,10,0,0.375,406,429,-23,3 - 5 - 0,3 - 5 - 0,2 - 4 - 0,0.333,3 - 9 - 0,0.25,3 - 1 - 0,1L,3 - 2 - 0,2011,3,5,0,3,5,0,2,4,0,3,9,0,3,1,0,3,2,0
Miami Dolphins,6,10,0,0.375,329,313,16,4 - 4 - 0,2 - 6 - 0,3 - 3 - 0,0.5,5 - 7 - 0,0.417,1 - 3 - 0,1W,3 - 2 - 0,2011,4,4,0,2,6,0,3,3,0,5,7,0,1,3,0,3,2,0
Kansas City Chiefs,7,9,0,0.438,212,338,-126,3 - 5 - 0,4 - 4 - 0,3 - 3 - 0,0.5,4 - 8 - 0,0.333,3 - 1 - 0,1W,3 - 2 - 0,2011,3,5,0,4,4,0,3,3,0,4,8,0,3,1,0,3,2,0
Seattle Seahawks,7,9,0,0.438,321,315,6,4 - 4 - 0,3 - 5 - 0,3 - 3 - 0,0.5,6 - 6 - 0,0.5,1 - 3 - 0,2L,3 - 2 - 0,2011,4,4,0,3,5,0,3,3,0,6,6,0,1,3,0,3,2,0
Arizona Cardinals,8,8,0,0.5,312,348,-36,6 - 2 - 0,2 - 6 - 0,4 - 2 - 0,0.667,7 - 5 - 0,0.583,1 - 3 - 0,1W,4 - 1 - 0,2011,6,2,0,2,6,0,4,2,0,7,5,0,1,3,0,4,1,0
Chicago Bears,8,8,0,0.5,353,341,12,5 - 3 - 0,3 - 5 - 0,3 - 3 - 0,0.5,7 - 5 - 0,0.583,1 - 3 - 0,1W,1 - 4 - 0,2011,5,3,0,3,5,0,3,3,0,7,5,0,1,3,0,1,4,0
Dallas Cowboys,8,8,0,0.5,369,347,22,5 - 3 - 0,3 - 5 - 0,2 - 4 - 0,0.333,6 - 6 - 0,0.5,2 - 2 - 0,2L,1 - 4 - 0,2011,5,3,0,3,5,0,2,4,0,6,6,0,2,2,0,1,4,0
Denver Broncos,8,8,0,0.5,309,390,-81,3 - 5 - 0,5 - 3 - 0,3 - 3 - 0,0.5,6 - 6 - 0,0.5,2 - 2 - 0,3L,2 - 3 - 0,2011,3,5,0,5,3,0,3,3,0,6,6,0,2,2,0,2,3,0
Las Vegas Raiders,8,8,0,0.5,359,433,-74,3 - 5 - 0,5 - 3 - 0,3 - 3 - 0,0.5,6 - 6 - 0,0.5,2 - 2 - 0,1L,1 - 4 - 0,2011,3,5,0,5,3,0,3,3,0,6,6,0,2,2,0,1,4,0
Los Angeles Chargers,8,8,0,0.5,406,377,29,5 - 3 - 0,3 - 5 - 0,3 - 3 - 0,0.5,7 - 5 - 0,0.583,1 - 3 - 0,1W,4 - 1 - 0,2011,5,3,0,3,5,0,3,3,0,7,5,0,1,3,0,4,1,0
New York Jets,8,8,0,0.5,377,363,14,6 - 2 - 0,2 - 6 - 0,3 - 3 - 0,0.5,6 - 6 - 0,0.5,2 - 2 - 0,3L,2 - 3 - 0,2011,6,2,0,2,6,0,3,3,0,6,6,0,2,2,0,2,3,0
Philadelphia Eagles,8,8,0,0.5,396,328,68,3 - 5 - 0,5 - 3 - 0,5 - 1 - 0,0.833,6 - 6 - 0,0.5,2 - 2 - 0,4W,4 - 1 - 0,2011,3,5,0,5,3,0,5,1,0,6,6,0,2,2,0,4,1,0
Cincinnati Bengals,9,7,0,0.563,344,323,21,4 - 4 - 0,5 - 3 - 0,2 - 4 - 0,0.333,6 - 6 - 0,0.5,3 - 1 - 0,1L,2 - 3 - 0,2011,4,4,0,5,3,0,2,4,0,6,6,0,3,1,0,2,3,0
New York Giants,9,7,0,0.563,394,400,-6,4 - 4 - 0,5 - 3 - 0,3 - 3 - 0,0.5,5 - 7 - 0,0.417,4 - 0 - 0,2W,3 - 2 - 0,2011,4,4,0,5,3,0,3,3,0,5,7,0,4,0,0,3,2,0
Tennessee Titans,9,7,0,0.563,325,317,8,5 - 3 - 0,4 - 4 - 0,3 - 3 - 0,0.5,7 - 5 - 0,0.583,2 - 2 - 0,2W,3 - 2 - 0,2011,5,3,0,4,4,0,3,3,0,7,5,0,2,2,0,3,2,0
Atlanta Falcons,10,6,0,0.625,402,350,52,6 - 2 - 0,4 - 4 - 0,3 - 3 - 0,0.5,7 - 5 - 0,0.583,3 - 1 - 0,1W,3 - 2 - 0,2011,6,2,0,4,4,0,3,3,0,7,5,0,3,1,0,3,2,0
Detroit Lions,10,6,0,0.625,474,387,87,5 - 3 - 0,5 - 3 - 0,3 - 3 - 0,0.5,6 - 6 - 0,0.5,4 - 0 - 0,1L,3 - 2 - 0,2011,5,3,0,5,3,0,3,3,0,6,6,0,4,0,0,3,2,0
Houston Texans,10,6,0,0.625,381,278,103,5 - 3 - 0,5 - 3 - 0,4 - 2 - 0,0.667,8 - 4 - 0,0.667,2 - 2 - 0,3L,2 - 3 - 0,2011,5,3,0,5,3,0,4,2,0,8,4,0,2,2,0,2,3,0
Baltimore Ravens,12,4,0,0.75,378,266,112,8 - 0 - 0,4 - 4 - 0,6 - 0 - 0,1.0,9 - 3 - 0,0.75,3 - 1 - 0,2W,4 - 1 - 0,2011,8,0,0,4,4,0,6,0,0,9,3,0,3,1,0,4,1,0
Pittsburgh Steelers,12,4,0,0.75,325,227,98,7 - 1 - 0,5 - 3 - 0,4 - 2 - 0,0.667,9 - 3 - 0,0.75,3 - 1 - 0,2W,4 - 1 - 0,2011,7,1,0,5,3,0,4,2,0,9,3,0,3,1,0,4,1,0
New England Patriots,13,3,0,0.813,513,342,171,7 - 1 - 0,6 - 2 - 0,5 - 1 - 0,0.833,10 - 2 - 0,0.833,3 - 1 - 0,8W,5 - 0 - 0,2011,7,1,0,6,2,0,5,1,0,10,2,0,3,1,0,5,0,0
New Orleans Saints,13,3,0,0.813,547,339,208,8 - 0 - 0,5 - 3 - 0,5 - 1 - 0,0.833,9 - 3 - 0,0.75,4 - 0 - 0,8W,5 - 0 - 0,2011,8,0,0,5,3,0,5,1,0,9,3,0,4,0,0,5,0,0
San Francisco 49ers,13,3,0,0.813,380,229,151,7 - 1 - 0,6 - 2 - 0,5 - 1 - 0,0.833,10 - 2 - 0,0.833,3 - 1 - 0,3W,4 - 1 - 0,2011,7,1,0,6,2,0,5,1,0,10,2,0,3,1,0,4,1,0
Green Bay Packers,15,1,0,0.938,560,359,201,8 - 0 - 0,7 - 1 - 0,6 - 0 - 0,1.0,12 - 0 - 0,1.0,3 - 1 - 0,2W,4 - 1 - 0,2011,8,0,0,7,1,0,6,0,0,12,0,0,3,1,0,4,1,0
Jacksonville Jaguars,2,14,0,0.125,255,444,-189,1 - 7 - 0,1 - 7 - 0,2 - 4 - 0,0.333,2 - 10 - 0,0.167,0 - 4 - 0,5L,0 - 5 - 0,2012,1,7,0,1,7,0,2,4,0,2,10,0,0,4,0,0,5,0
Kansas City Chiefs,2,14,0,0.125,211,425,-214,1 - 7 - 0,1 - 7 - 0,0 - 6 - 0,0.0,0 - 12 - 0,0.0,2 - 2 - 0,4L,1 - 4 - 0,2012,1,7,0,1,7,0,0,6,0,0,12,0,2,2,0,1,4,0
Detroit Lions,4,12,0,0.25,372,437,-65,2 - 6 - 0,2 - 6 - 0,0 - 6 - 0,0.0,3 - 9 - 0,0.25,1 - 3 - 0,8L,0 - 5 - 0,2012,2,6,0,2,6,0,0,6,0,3,9,0,1,3,0,0,5,0
Las Vegas Raiders,4,12,0,0.25,290,443,-153,3 - 5 - 0,1 - 7 - 0,2 - 4 - 0,0.333,4 - 8 - 0,0.333,0 - 4 - 0,2L,1 - 4 - 0,2012,3,5,0,1,7,0,2,4,0,4,8,0,0,4,0,1,4,0
Philadelphia Eagles,4,12,0,0.25,280,444,-164,2 - 6 - 0,2 - 6 - 0,1 - 5 - 0,0.167,2 - 10 - 0,0.167,2 - 2 - 0,3L,1 - 4 - 0,2012,2,6,0,2,6,0,1,5,0,2,10,0,2,2,0,1,4,0
Arizona Cardinals,5,11,0,0.313,250,357,-107,4 - 4 - 0,1 - 7 - 0,1 - 5 - 0,0.167,3 - 9 - 0,0.25,2 - 2 - 0,2L,1 - 4 - 0,2012,4,4,0,1,7,0,1,5,0,3,9,0,2,2,0,1,4,0
Cleveland Browns,5,11,0,0.313,302,368,-66,4 - 4 - 0,1 - 7 - 0,2 - 4 - 0,0.333,5 - 7 - 0,0.417,0 - 4 - 0,3L,2 - 3 - 0,2012,4,4,0,1,7,0,2,4,0,5,7,0,0,4,0,2,3,0
Buffalo Bills,6,10,0,0.375,344,435,-91,4 - 4 - 0,2 - 6 - 0,2 - 4 - 0,0.333,5 - 7 - 0,0.417,1 - 3 - 0,1W,2 - 3 - 0,2012,4,4,0,2,6,0,2,4,0,5,7,0,1,3,0,2,3,0
New York Jets,6,10,0,0.375,281,375,-94,3 - 5 - 0,3 - 5 - 0,2 - 4 - 0,0.333,4 - 8 - 0,0.333,2 - 2 - 0,3L,2 - 3 - 0,2012,3,5,0,3,5,0,2,4,0,4,8,0,2,2,0,2,3,0
Tennessee Titans,6,10,0,0.375,330,471,-141,4 - 4 - 0,2 - 6 - 0,1 - 5 - 0,0.167,5 - 7 - 0,0.417,1 - 3 - 0,1W,2 - 3 - 0,2012,4,4,0,2,6,0,1,5,0,5,7,0,1,3,0,2,3,0
Carolina Panthers,7,9,0,0.438,357,363,-6,3 - 5 - 0,4 - 4 - 0,3 - 3 - 0,0.5,5 - 7 - 0,0.417,2 - 2 - 0,4W,4 - 1 - 0,2012,3,5,0,4,4,0,3,3,0,5,7,0,2,2,0,4,1,0
Los Angeles Chargers,7,9,0,0.438,350,350,0,3 - 5 - 0,4 - 4 - 0,4 - 2 - 0,0.667,7 - 5 - 0,0.583,0 - 4 - 0,2W,3 - 2 - 0,2012,3,5,0,4,4,0,4,2,0,7,5,0,0,4,0,3,2,0
Los Angeles Rams,7,8,1,0.469,299,348,-49,4 - 4 - 0,3 - 4 - 1,4 - 1 - 1,0.75,6 - 5 - 1,0.542,1 - 3 - 0,1L,3 - 2 - 0,2012,4,4,0,3,4,1,4,1,1,6,5,1,1,3,0,3,2,0
Miami Dolphins,7,9,0,0.438,288,317,-29,5 - 3 - 0,2 - 6 - 0,2 - 4 - 0,0.333,5 - 7 - 0,0.417,2 - 2 - 0,1L,2 - 3 - 0,2012,5,3,0,2,6,0,2,4,0,5,7,0,2,2,0,2,3,0
New Orleans Saints,7,9,0,0.438,461,454,7,4 - 4 - 0,3 - 5 - 0,3 - 3 - 0,0.5,5 - 7 - 0,0.417,2 - 2 - 0,1L,2 - 3 - 0,2012,4,4,0,3,5,0,3,3,0,5,7,0,2,2,0,2,3,0
Tampa Bay Buccaneers,7,9,0,0.438,389,394,-5,3 - 5 - 0,4 - 4 - 0,3 - 3 - 0,0.5,4 - 8 - 0,0.333,3 - 1 - 0,1W,1 - 4 - 0,2012,3,5,0,4,4,0,3,3,0,4,8,0,3,1,0,1,4,0
Dallas Cowboys,8,8,0,0.5,376,400,-24,4 - 4 - 0,4 - 4 - 0,3 - 3 - 0,0.5,5 - 7 - 0,0.417,3 - 1 - 0,2L,3 - 2 - 0,2012,4,4,0,4,4,0,3,3,0,5,7,0,3,1,0,3,2,0
Pittsburgh Steelers,8,8,0,0.5,336,314,22,5 - 3 - 0,3 - 5 - 0,3 - 3 - 0,0.5,5 - 7 - 0,0.417,3 - 1 - 0,1W,2 - 3 - 0,2012,5,3,0,3,5,0,3,3,0,5,7,0,3,1,0,2,3,0
New York Giants,9,7,0,0.563,429,344,85,6 - 2 - 0,3 - 5 - 0,3 - 3 - 0,0.5,8 - 4 - 0,0.667,1 - 3 - 0,1W,2 - 3 - 0,2012,6,2,0,3,5,0,3,3,0,8,4,0,1,3,0,2,3,0
Baltimore Ravens,10,6,0,0.625,398,344,54,6 - 2 - 0,4 - 4 - 0,4 - 2 - 0,0.667,8 - 4 - 0,0.667,2 - 2 - 0,1L,1 - 4 - 0,2012,6,2,0,4,4,0,4,2,0,8,4,0,2,2,0,1,4,0
Chicago Bears,10,6,0,0.625,375,277,98,5 - 3 - 0,5 - 3 - 0,3 - 3 - 0,0.5,7 - 5 - 0,0.583,3 - 1 - 0,2W,2 - 3 - 0,2012,5,3,0,5,3,0,3,3,0,7,5,0,3,1,0,2,3,0
Cincinnati Bengals,10,6,0,0.625,391,320,71,4 - 4 - 0,6 - 2 - 0,3 - 3 - 0,0.5,7 - 5 - 0,0.583,3 - 1 - 0,3W,4 - 1 - 0,2012,4,4,0,6,2,0,3,3,0,7,5,0,3,1,0,4,1,0
Minnesota Vikings,10,6,0,0.625,379,348,31,7 - 1 - 0,3 - 5 - 0,4 - 2 - 0,0.667,7 - 5 - 0,0.583,3 - 1 - 0,4W,4 - 1 - 0,2012,7,1,0,3,5,0,4,2,0,7,5,0,3,1,0,4,1,0
Washington Commanders,10,6,0,0.625,436,388,48,5 - 3 - 0,5 - 3 - 0,5 - 1 - 0,0.833,8 - 4 - 0,0.667,2 - 2 - 0,7W,5 - 0 - 0,2012,5,3,0,5,3,0,5,1,0,8,4,0,2,2,0,5,0,0
Green Bay Packers,11,5,0,0.688,433,336,97,7 - 1 - 0,4 - 4 - 0,5 - 1 - 0,0.833,8 - 4 - 0,0.667,3 - 1 - 0,1L,4 - 1 - 0,2012,7,1,0,4,4,0,5,1,0,8,4,0,3,1,0,4,1,0
Indianapolis Colts,11,5,0,0.688,357,387,-30,7 - 1 - 0,4 - 4 - 0,4 - 2 - 0,0.667,8 - 4 - 0,0.667,3 - 1 - 0,2W,4 - 1 - 0,2012,7,1,0,4,4,0,4,2,0,8,4,0,3,1,0,4,1,0
San Francisco 49ers,11,4,1,0.719,397,273,124,6 - 1 - 1,5 - 3 - 0,3 - 2 - 1,0.583,7 - 4 - 1,0.625,4 - 0 - 0,1W,3 - 2 - 0,2012,6,1,1,5,3,0,3,2,1,7,4,1,4,0,0,3,2,0
Seattle Seahawks,11,5,0,0.688,412,245,167,8 - 0 - 0,3 - 5 - 0,3 - 3 - 0,0.5,8 - 4 - 0,0.667,3 - 1 - 0,5W,5 - 0 - 0,2012,8,0,0,3,5,0,3,3,0,8,4,0,3,1,0,5,0,0
Houston Texans,12,4,0,0.75,416,331,85,6 - 2 - 0,6 - 2 - 0,5 - 1 - 0,0.833,10 - 2 - 0,0.833,2 - 2 - 0,2L,2 - 3 - 0,2012,6,2,0,6,2,0,5,1,0,10,2,0,2,2,0,2,3,0
New England Patriots,12,4,0,0.75,557,331,226,6 - 2 - 0,6 - 2 - 0,6 - 0 - 0,1.0,11 - 1 - 0,0.917,1 - 3 - 0,2W,4 - 1 - 0,2012,6,2,0,6,2,0,6,0,0,11,1,0,1,3,0,4,1,0
Atlanta Falcons,13,3,0,0.813,419,299,120,7 - 1 - 0,6 - 2 - 0,3 - 3 - 0,0.5,9 - 3 - 0,0.75,4 - 0 - 0,1L,3 - 2 - 0,2012,7,1,0,6,2,0,3,3,0,9,3,0,4,0,0,3,2,0
Denver Broncos,13,3,0,0.813,481,289,192,7 - 1 - 0,6 - 2 - 0,6 - 0 - 0,1.0,10 - 2 - 0,0.833,3 - 1 - 0,11W,5 - 0 - 0,2012,7,1,0,6,2,0,6,0,0,10,2,0,3,1,0,5,0,0
Houston Texans,2,14,0,0.125,276,428,-152,1 - 7 - 0,1 - 7 - 0,1 - 5 - 0,0.167,2 - 10 - 0,0.167,0 - 4 - 0,14L,0 - 5 - 0,2013,1,7,0,1,7,0,1,5,0,2,10,0,0,4,0,0,5,0
Washington Commanders,3,13,0,0.188,334,478,-144,2 - 6 - 0,1 - 7 - 0,0 - 6 - 0,0.0,1 - 11 - 0,0.083,2 - 2 - 0,8L,0 - 5 - 0,2013,2,6,0,1,7,0,0,6,0,1,11,0,2,2,0,0,5,0
Atlanta Falcons,4,12,0,0.25,353,443,-90,3 - 5 - 0,1 - 7 - 0,1 - 5 - 0,0.167,3 - 9 - 0,0.25,1 - 3 - 0,2L,2 - 3 - 0,2013,3,5,0,1,7,0,1,5,0,3,9,0,1,3,0,2,3,0
Cleveland Browns,4,12,0,0.25,308,406,-98,3 - 5 - 0,1 - 7 - 0,2 - 4 - 0,0.333,3 - 9 - 0,0.25,1 - 3 - 0,7L,0 - 5 - 0,2013,3,5,0,1,7,0,2,4,0,3,9,0,1,3,0,0,5,0
Jacksonville Jaguars,4,12,0,0.25,247,449,-202,1 - 7 - 0,3 - 5 - 0,3 - 3 - 0,0.5,4 - 8 - 0,0.333,0 - 4 - 0,3L,2 - 3 - 0,2013,1,7,0,3,5,0,3,3,0,4,8,0,0,4,0,2,3,0
Las Vegas Raiders,4,12,0,0.25,322,453,-131,3 - 5 - 0,1 - 7 - 0,1 - 5 - 0,0.167,4 - 8 - 0,0.333,0 - 4 - 0,6L,0 - 5 - 0,2013,3,5,0,1,7,0,1,5,0,4,8,0,0,4,0,0,5,0
Tampa Bay Buccaneers,4,12,0,0.25,288,389,-101,3 - 5 - 0,1 - 7 - 0,1 - 5 - 0,0.167,2 - 10 - 0,0.167,2 - 2 - 0,3L,1 - 4 - 0,2013,3,5,0,1,7,0,1,5,0,2,10,0,2,2,0,1,4,0
Minnesota Vikings,5,10,1,0.344,391,480,-89,5 - 3 - 0,0 - 7 - 1,2 - 3 - 1,0.417,4 - 7 - 1,0.375,1 - 3 - 0,1W,3 - 2 - 0,2013,5,3,0,0,7,1,2,3,1,4,7,1,1,3,0,3,2,0
Buffalo Bills,6,10,0,0.375,339,388,-49,4 - 4 - 0,2 - 6 - 0,3 - 3 - 0,0.5,5 - 7 - 0,0.417,1 - 3 - 0,1L,2 - 3 - 0,2013,4,4,0,2,6,0,3,3,0,5,7,0,1,3,0,2,3,0
Detroit Lions,7,9,0,0.438,395,376,19,4 - 4 - 0,3 - 5 - 0,4 - 2 - 0,0.667,6 - 6 - 0,0.5,1 - 3 - 0,4L,1 - 4 - 0,2013,4,4,0,3,5,0,4,2,0,6,6,0,1,3,0,1,4,0
Los Angeles Rams,7,9,0,0.438,348,364,-16,5 - 3 - 0,2 - 6 - 0,1 - 5 - 0,0.167,4 - 8 - 0,0.333,3 - 1 - 0,1L,2 - 3 - 0,2013,5,3,0,2,6,0,1,5,0,4,8,0,3,1,0,2,3,0
New York Giants,7,9,0,0.438,294,383,-89,4 - 4 - 0,3 - 5 - 0,3 - 3 - 0,0.5,6 - 6 - 0,0.5,1 - 3 - 0,2W,3 - 2 - 0,2013,4,4,0,3,5,0,3,3,0,6,6,0,1,3,0,3,2,0
Tennessee Titans,7,9,0,0.438,362,381,-19,3 - 5 - 0,4 - 4 - 0,2 - 4 - 0,0.333,6 - 6 - 0,0.5,1 - 3 - 0,2W,2 - 3 - 0,2013,3,5,0,4,4,0,2,4,0,6,6,0,1,3,0,2,3,0
Baltimore Ravens,8,8,0,0.5,320,352,-32,6 - 2 - 0,2 - 6 - 0,3 - 3 - 0,0.5,6 - 6 - 0,0.5,2 - 2 - 0,2L,3 - 2 - 0,2013,6,2,0,2,6,0,3,3,0,6,6,0,2,2,0,3,2,0
Chicago Bears,8,8,0,0.5,445,478,-33,5 - 3 - 0,3 - 5 - 0,2 - 4 - 0,0.333,4 - 8 - 0,0.333,4 - 0 - 0,2L,2 - 3 - 0,2013,5,3,0,3,5,0,2,4,0,4,8,0,4,0,0,2,3,0
Dallas Cowboys,8,8,0,0.5,439,432,7,5 - 3 - 0,3 - 5 - 0,5 - 1 - 0,0.833,7 - 5 - 0,0.583,1 - 3 - 0,1L,2 - 3 - 0,2013,5,3,0,3,5,0,5,1,0,7,5,0,1,3,0,2,3,0
Green Bay Packers,8,7,1,0.531,417,428,-11,4 - 3 - 1,4 - 4 - 0,3 - 2 - 1,0.583,6 - 5 - 1,0.542,2 - 2 - 0,1W,3 - 2 - 0,2013,4,3,1,4,4,0,3,2,1,6,5,1,2,2,0,3,2,0
Miami Dolphins,8,8,0,0.5,317,335,-18,4 - 4 - 0,4 - 4 - 0,2 - 4 - 0,0.333,7 - 5 - 0,0.583,1 - 3 - 0,2L,3 - 2 - 0,2013,4,4,0,4,4,0,2,4,0,7,5,0,1,3,0,3,2,0
New York Jets,8,8,0,0.5,290,387,-97,6 - 2 - 0,2 - 6 - 0,3 - 3 - 0,0.5,5 - 7 - 0,0.417,3 - 1 - 0,2W,3 - 2 - 0,2013,6,2,0,2,6,0,3,3,0,5,7,0,3,1,0,3,2,0
Pittsburgh Steelers,8,8,0,0.5,379,370,9,5 - 3 - 0,3 - 5 - 0,4 - 2 - 0,0.667,6 - 6 - 0,0.5,2 - 2 - 0,3W,3 - 2 - 0,2013,5,3,0,3,5,0,4,2,0,6,6,0,2,2,0,3,2,0
Los Angeles Chargers,9,7,0,0.563,396,348,48,5 - 3 - 0,4 - 4 - 0,4 - 2 - 0,0.667,6 - 6 - 0,0.5,3 - 1 - 0,4W,4 - 1 - 0,2013,5,3,0,4,4,0,4,2,0,6,6,0,3,1,0,4,1,0
Arizona Cardinals,10,6,0,0.625,379,324,55,6 - 2 - 0,4 - 4 - 0,2 - 4 - 0,0.333,6 - 6 - 0,0.5,4 - 0 - 0,1L,3 - 2 - 0,2013,6,2,0,4,4,0,2,4,0,6,6,0,4,0,0,3,2,0
Philadelphia Eagles,10,6,0,0.625,442,382,60,4 - 4 - 0,6 - 2 - 0,4 - 2 - 0,0.667,9 - 3 - 0,0.75,1 - 3 - 0,2W,4 - 1 - 0,2013,4,4,0,6,2,0,4,2,0,9,3,0,1,3,0,4,1,0
Cincinnati Bengals,11,5,0,0.688,430,305,125,8 - 0 - 0,3 - 5 - 0,3 - 3 - 0,0.5,8 - 4 - 0,0.667,3 - 1 - 0,2W,4 - 1 - 0,2013,8,0,0,3,5,0,3,3,0,8,4,0,3,1,0,4,1,0
Indianapolis Colts,11,5,0,0.688,391,336,55,6 - 2 - 0,5 - 3 - 0,6 - 0 - 0,1.0,9 - 3 - 0,0.75,2 - 2 - 0,3W,4 - 1 - 0,2013,6,2,0,5,3,0,6,0,0,9,3,0,2,2,0,4,1,0
Kansas City Chiefs,11,5,0,0.688,430,305,125,5 - 3 - 0,6 - 2 - 0,2 - 4 - 0,0.333,7 - 5 - 0,0.583,4 - 0 - 0,2L,2 - 3 - 0,2013,5,3,0,6,2,0,2,4,0,7,5,0,4,0,0,2,3,0
New Orleans Saints,11,5,0,0.688,414,304,110,8 - 0 - 0,3 - 5 - 0,5 - 1 - 0,0.833,9 - 3 - 0,0.75,2 - 2 - 0,1W,2 - 3 - 0,2013,8,0,0,3,5,0,5,1,0,9,3,0,2,2,0,2,3,0
Carolina Panthers,12,4,0,0.75,366,241,125,7 - 1 - 0,5 - 3 - 0,5 - 1 - 0,0.833,9 - 3 - 0,0.75,3 - 1 - 0,3W,4 - 1 - 0,2013,7,1,0,5,3,0,5,1,0,9,3,0,3,1,0,4,1,0
New England Patriots,12,4,0,0.75,444,338,106,8 - 0 - 0,4 - 4 - 0,4 - 2 - 0,0.667,9 - 3 - 0,0.75,3 - 1 - 0,2W,4 - 1 - 0,2013,8,0,0,4,4,0,4,2,0,9,3,0,3,1,0,4,1,0
San Francisco 49ers,12,4,0,0.75,406,272,134,6 - 2 - 0,6 - 2 - 0,5 - 1 - 0,0.833,9 - 3 - 0,0.75,3 - 1 - 0,6W,5 - 0 - 0,2013,6,2,0,6,2,0,5,1,0,9,3,0,3,1,0,5,0,0
Denver Broncos,13,3,0,0.813,606,399,207,7 - 1 - 0,6 - 2 - 0,5 - 1 - 0,0.833,9 - 3 - 0,0.75,4 - 0 - 0,2W,4 - 1 - 0,2013,7,1,0,6,2,0,5,1,0,9,3,0,4,0,0,4,1,0
Seattle Seahawks,13,3,0,0.813,417,231,186,7 - 1 - 0,6 - 2 - 0,4 - 2 - 0,0.667,10 - 2 - 0,0.833,3 - 1 - 0,1W,3 - 2 - 0,2013,7,1,0,6,2,0,4,2,0,10,2,0,3,1,0,3,2,0
Tampa Bay Buccaneers,2,14,0,0.125,277,410,-133,0 - 8 - 0,2 - 6 - 0,0 - 6 - 0,0.0,1 - 11 - 0,0.083,1 - 3 - 0,6L,0 - 5 - 0,2014,0,8,0,2,6,0,0,6,0,1,11,0,1,3,0,0,5,0
Tennessee Titans,2,14,0,0.125,254,438,-184,1 - 7 - 0,1 - 7 - 0,1 - 5 - 0,0.167,2 - 10 - 0,0.167,0 - 4 - 0,10L,0 - 5 - 0,2014,1,7,0,1,7,0,1,5,0,2,10,0,0,4,0,0,5,0
Jacksonville Jaguars,3,13,0,0.188,249,412,-163,3 - 5 - 0,0 - 8 - 0,1 - 5 - 0,0.167,2 - 10 - 0,0.167,1 - 3 - 0,1L,2 - 3 - 0,2014,3,5,0,0,8,0,1,5,0,2,10,0,1,3,0,2,3,0
Las Vegas Raiders,3,13,0,0.188,253,452,-199,3 - 5 - 0,0 - 8 - 0,1 - 5 - 0,0.167,2 - 10 - 0,0.167,1 - 3 - 0,1L,2 - 3 - 0,2014,3,5,0,0,8,0,1,5,0,2,10,0,1,3,0,2,3,0
New York Jets,4,12,0,0.25,283,401,-118,2 - 6 - 0,2 - 6 - 0,1 - 5 - 0,0.167,4 - 8 - 0,0.333,0 - 4 - 0,1W,2 - 3 - 0,2014,2,6,0,2,6,0,1,5,0,4,8,0,0,4,0,2,3,0
Washington Commanders,4,12,0,0.25,301,438,-137,3 - 5 - 0,1 - 7 - 0,2 - 4 - 0,0.333,2 - 10 - 0,0.167,2 - 2 - 0,1L,1 - 4 - 0,2014,3,5,0,1,7,0,2,4,0,2,10,0,2,2,0,1,4,0
Chicago Bears,5,11,0,0.313,319,442,-123,2 - 6 - 0,3 - 5 - 0,1 - 5 - 0,0.167,4 - 8 - 0,0.333,1 - 3 - 0,5L,0 - 5 - 0,2014,2,6,0,3,5,0,1,5,0,4,8,0,1,3,0,0,5,0
Atlanta Falcons,6,10,0,0.375,381,417,-36,3 - 5 - 0,3 - 5 - 0,5 - 1 - 0,0.833,6 - 6 - 0,0.5,0 - 4 - 0,1L,2 - 3 - 0,2014,3,5,0,3,5,0,5,1,0,6,6,0,0,4,0,2,3,0
Los Angeles Rams,6,10,0,0.375,324,354,-30,3 - 5 - 0,3 - 5 - 0,2 - 4 - 0,0.333,4 - 8 - 0,0.333,2 - 2 - 0,3L,2 - 3 - 0,2014,3,5,0,3,5,0,2,4,0,4,8,0,2,2,0,2,3,0
New York Giants,6,10,0,0.375,380,400,-20,3 - 5 - 0,3 - 5 - 0,2 - 4 - 0,0.333,4 - 8 - 0,0.333,2 - 2 - 0,1L,3 - 2 - 0,2014,3,5,0,3,5,0,2,4,0,4,8,0,2,2,0,3,2,0
Carolina Panthers,7,8,1,0.469,339,374,-35,4 - 4 - 0,3 - 4 - 1,4 - 2 - 0,0.667,6 - 6 - 0,0.5,1 - 2 - 1,4W,4 - 1 - 0,2014,4,4,0,3,4,1,4,2,0,6,6,0,1,2,1,4,1,0
Cleveland Browns,7,9,0,0.438,299,337,-38,4 - 4 - 0,3 - 5 - 0,2 - 4 - 0,0.333,4 - 8 - 0,0.333,3 - 1 - 0,5L,0 - 5 - 0,2014,4,4,0,3,5,0,2,4,0,4,8,0,3,1,0,0,5,0
Minnesota Vikings,7,9,0,0.438,325,343,-18,5 - 3 - 0,2 - 6 - 0,1 - 5 - 0,0.167,6 - 6 - 0,0.5,1 - 3 - 0,1W,3 - 2 - 0,2014,5,3,0,2,6,0,1,5,0,6,6,0,1,3,0,3,2,0
New Orleans Saints,7,9,0,0.438,401,424,-23,3 - 5 - 0,4 - 4 - 0,3 - 3 - 0,0.5,6 - 6 - 0,0.5,1 - 3 - 0,1W,3 - 2 - 0,2014,3,5,0,4,4,0,3,3,0,6,6,0,1,3,0,3,2,0
Miami Dolphins,8,8,0,0.5,388,373,15,4 - 4 - 0,4 - 4 - 0,3 - 3 - 0,0.5,6 - 6 - 0,0.5,2 - 2 - 0,1L,2 - 3 - 0,2014,4,4,0,4,4,0,3,3,0,6,6,0,2,2,0,2,3,0
San Francisco 49ers,8,8,0,0.5,306,340,-34,4 - 4 - 0,4 - 4 - 0,2 - 4 - 0,0.333,7 - 5 - 0,0.583,1 - 3 - 0,1W,1 - 4 - 0,2014,4,4,0,4,4,0,2,4,0,7,5,0,1,3,0,1,4,0
Buffalo Bills,9,7,0,0.563,343,289,54,5 - 3 - 0,4 - 4 - 0,4 - 2 - 0,0.667,5 - 7 - 0,0.417,4 - 0 - 0,1W,3 - 2 - 0,2014,5,3,0,4,4,0,4,2,0,5,7,0,4,0,0,3,2,0
Houston Texans,9,7,0,0.563,372,307,65,5 - 3 - 0,4 - 4 - 0,4 - 2 - 0,0.667,8 - 4 - 0,0.667,1 - 3 - 0,2W,4 - 1 - 0,2014,5,3,0,4,4,0,4,2,0,8,4,0,1,3,0,4,1,0
Kansas City Chiefs,9,7,0,0.563,353,281,72,6 - 2 - 0,3 - 5 - 0,3 - 3 - 0,0.5,7 - 5 - 0,0.583,2 - 2 - 0,1W,2 - 3 - 0,2014,6,2,0,3,5,0,3,3,0,7,5,0,2,2,0,2,3,0
Los Angeles Chargers,9,7,0,0.563,348,348,0,5 - 3 - 0,4 - 4 - 0,2 - 4 - 0,0.333,6 - 6 - 0,0.5,3 - 1 - 0,1L,2 - 3 - 0,2014,5,3,0,4,4,0,2,4,0,6,6,0,3,1,0,2,3,0
Baltimore Ravens,10,6,0,0.625,409,302,107,6 - 2 - 0,4 - 4 - 0,3 - 3 - 0,0.5,6 - 6 - 0,0.5,4 - 0 - 0,1W,3 - 2 - 0,2014,6,2,0,4,4,0,3,3,0,6,6,0,4,0,0,3,2,0
Cincinnati Bengals,10,5,1,0.656,365,344,21,5 - 2 - 1,5 - 3 - 0,3 - 3 - 0,0.5,7 - 5 - 0,0.583,3 - 0 - 1,1L,3 - 2 - 0,2014,5,2,1,5,3,0,3,3,0,7,5,0,3,0,1,3,2,0
Philadelphia Eagles,10,6,0,0.625,474,400,74,6 - 2 - 0,4 - 4 - 0,4 - 2 - 0,0.667,6 - 6 - 0,0.5,4 - 0 - 0,1W,2 - 3 - 0,2014,6,2,0,4,4,0,4,2,0,6,6,0,4,0,0,2,3,0
Arizona Cardinals,11,5,0,0.688,310,299,11,7 - 1 - 0,4 - 4 - 0,3 - 3 - 0,0.5,8 - 4 - 0,0.667,3 - 1 - 0,2L,2 - 3 - 0,2014,7,1,0,4,4,0,3,3,0,8,4,0,3,1,0,2,3,0
Detroit Lions,11,5,0,0.688,321,282,39,7 - 1 - 0,4 - 4 - 0,5 - 1 - 0,0.833,9 - 3 - 0,0.75,2 - 2 - 0,1L,4 - 1 - 0,2014,7,1,0,4,4,0,5,1,0,9,3,0,2,2,0,4,1,0
Indianapolis Colts,11,5,0,0.688,458,369,89,6 - 2 - 0,5 - 3 - 0,6 - 0 - 0,1.0,9 - 3 - 0,0.75,2 - 2 - 0,1W,4 - 1 - 0,2014,6,2,0,5,3,0,6,0,0,9,3,0,2,2,0,4,1,0
Pittsburgh Steelers,11,5,0,0.688,436,368,68,6 - 2 - 0,5 - 3 - 0,4 - 2 - 0,0.667,9 - 3 - 0,0.75,2 - 2 - 0,4W,4 - 1 - 0,2014,6,2,0,5,3,0,4,2,0,9,3,0,2,2,0,4,1,0
Dallas Cowboys,12,4,0,0.75,467,352,115,4 - 4 - 0,8 - 0 - 0,4 - 2 - 0,0.667,8 - 4 - 0,0.667,4 - 0 - 0,4W,4 - 1 - 0,2014,4,4,0,8,0,0,4,2,0,8,4,0,4,0,0,4,1,0
Denver Broncos,12,4,0,0.75,482,354,128,8 - 0 - 0,4 - 4 - 0,6 - 0 - 0,1.0,10 - 2 - 0,0.833,2 - 2 - 0,1W,4 - 1 - 0,2014,8,0,0,4,4,0,6,0,0,10,2,0,2,2,0,4,1,0
Green Bay Packers,12,4,0,0.75,486,348,138,8 - 0 - 0,4 - 4 - 0,5 - 1 - 0,0.833,9 - 3 - 0,0.75,3 - 1 - 0,2W,4 - 1 - 0,2014,8,0,0,4,4,0,5,1,0,9,3,0,3,1,0,4,1,0
New England Patriots,12,4,0,0.75,468,313,155,7 - 1 - 0,5 - 3 - 0,4 - 2 - 0,0.667,9 - 3 - 0,0.75,3 - 1 - 0,1L,3 - 2 - 0,2014,7,1,0,5,3,0,4,2,0,9,3,0,3,1,0,3,2,0
Seattle Seahawks,12,4,0,0.75,394,254,140,7 - 1 - 0,5 - 3 - 0,5 - 1 - 0,0.833,10 - 2 - 0,0.833,2 - 2 - 0,6W,5 - 0 - 0,2014,7,1,0,5,3,0,5,1,0,10,2,0,2,2,0,5,0,0
Cleveland Browns,3,13,0,0.188,278,432,-154,2 - 6 - 0,1 - 7 - 0,1 - 5 - 0,0.167,2 - 10 - 0,0.167,1 - 3 - 0,3L,1 - 4 - 0,2015,2,6,0,1,7,0,1,5,0,2,10,0,1,3,0,1,4,0
Tennessee Titans,3,13,0,0.188,299,423,-124,1 - 7 - 0,2 - 6 - 0,1 - 5 - 0,0.167,1 - 11 - 0,0.083,2 - 2 - 0,4L,1 - 4 - 0,2015,1,7,0,2,6,0,1,5,0,1,11,0,2,2,0,1,4,0
Dallas Cowboys,4,12,0,0.25,275,374,-99,1 - 7 - 0,3 - 5 - 0,3 - 3 - 0,0.5,3 - 9 - 0,0.25,1 - 3 - 0,4L,1 - 4 - 0,2015,1,7,0,3,5,0,3,3,0,3,9,0,1,3,0,1,4,0
Los Angeles Chargers,4,12,0,0.25,320,398,-78,3 - 5 - 0,1 - 7 - 0,0 - 6 - 0,0.0,3 - 9 - 0,0.25,1 - 3 - 0,2L,1 - 4 - 0,2015,3,5,0,1,7,0,0,6,0,3,9,0,1,3,0,1,4,0
Baltimore Ravens,5,11,0,0.313,328,401,-73,3 - 5 - 0,2 - 6 - 0,3 - 3 - 0,0.5,4 - 8 - 0,0.333,1 - 3 - 0,1L,1 - 4 - 0,2015,3,5,0,2,6,0,3,3,0,4,8,0,1,3,0,1,4,0
Jacksonville Jaguars,5,11,0,0.313,376,448,-72,4 - 4 - 0,1 - 7 - 0,2 - 4 - 0,0.333,5 - 7 - 0,0.417,0 - 4 - 0,3L,1 - 4 - 0,2015,4,4,0,1,7,0,2,4,0,5,7,0,0,4,0,1,4,0
San Francisco 49ers,5,11,0,0.313,238,387,-149,4 - 4 - 0,1 - 7 - 0,1 - 5 - 0,0.167,4 - 8 - 0,0.333,1 - 3 - 0,1W,2 - 3 - 0,2015,4,4,0,1,7,0,1,5,0,4,8,0,1,3,0,2,3,0
Chicago Bears,6,10,0,0.375,335,397,-62,1 - 7 - 0,5 - 3 - 0,1 - 5 - 0,0.167,3 - 9 - 0,0.25,3 - 1 - 0,1L,1 - 4 - 0,2015,1,7,0,5,3,0,1,5,0,3,9,0,3,1,0,1,4,0
Miami Dolphins,6,10,0,0.375,310,389,-79,3 - 5 - 0,3 - 5 - 0,1 - 5 - 0,0.167,4 - 8 - 0,0.333,2 - 2 - 0,1W,2 - 3 - 0,2015,3,5,0,3,5,0,1,5,0,4,8,0,2,2,0,2,3,0
New York Giants,6,10,0,0.375,420,442,-22,3 - 5 - 0,3 - 5 - 0,2 - 4 - 0,0.333,4 - 8 - 0,0.333,2 - 2 - 0,3L,1 - 4 - 0,2015,3,5,0,3,5,0,2,4,0,4,8,0,2,2,0,1,4,0
Tampa Bay Buccaneers,6,10,0,0.375,342,417,-75,3 - 5 - 0,3 - 5 - 0,3 - 3 - 0,0.5,5 - 7 - 0,0.417,1 - 3 - 0,4L,1 - 4 - 0,2015,3,5,0,3,5,0,3,3,0,5,7,0,1,3,0,1,4,0
Detroit Lions,7,9,0,0.438,358,400,-42,4 - 4 - 0,3 - 5 - 0,3 - 3 - 0,0.5,6 - 6 - 0,0.5,1 - 3 - 0,3W,3 - 2 - 0,2015,4,4,0,3,5,0,3,3,0,6,6,0,1,3,0,3,2,0
Las Vegas Raiders,7,9,0,0.438,359,399,-40,3 - 5 - 0,4 - 4 - 0,3 - 3 - 0,0.5,7 - 5 - 0,0.583,0 - 4 - 0,1L,2 - 3 - 0,2015,3,5,0,4,4,0,3,3,0,7,5,0,0,4,0,2,3,0
Los Angeles Rams,7,9,0,0.438,280,330,-50,5 - 3 - 0,2 - 6 - 0,4 - 2 - 0,0.667,6 - 6 - 0,0.5,1 - 3 - 0,1L,3 - 2 - 0,2015,5,3,0,2,6,0,4,2,0,6,6,0,1,3,0,3,2,0
New Orleans Saints,7,9,0,0.438,408,476,-68,4 - 4 - 0,3 - 5 - 0,3 - 3 - 0,0.5,5 - 7 - 0,0.417,2 - 2 - 0,2W,3 - 2 - 0,2015,4,4,0,3,5,0,3,3,0,5,7,0,2,2,0,3,2,0
Philadelphia Eagles,7,9,0,0.438,377,430,-53,3 - 5 - 0,4 - 4 - 0,3 - 3 - 0,0.5,4 - 8 - 0,0.333,3 - 1 - 0,1W,3 - 2 - 0,2015,3,5,0,4,4,0,3,3,0,4,8,0,3,1,0,3,2,0
Atlanta Falcons,8,8,0,0.5,339,345,-6,4 - 4 - 0,4 - 4 - 0,1 - 5 - 0,0.167,5 - 7 - 0,0.417,3 - 1 - 0,1L,2 - 3 - 0,2015,4,4,0,4,4,0,1,5,0,5,7,0,3,1,0,2,3,0
Buffalo Bills,8,8,0,0.5,379,359,20,5 - 3 - 0,3 - 5 - 0,4 - 2 - 0,0.667,7 - 5 - 0,0.583,1 - 3 - 0,2W,3 - 2 - 0,2015,5,3,0,3,5,0,4,2,0,7,5,0,1,3,0,3,2,0
Indianapolis Colts,8,8,0,0.5,333,408,-75,4 - 4 - 0,4 - 4 - 0,4 - 2 - 0,0.667,6 - 6 - 0,0.5,2 - 2 - 0,2W,2 - 3 - 0,2015,4,4,0,4,4,0,4,2,0,6,6,0,2,2,0,2,3,0
Houston Texans,9,7,0,0.563,339,313,26,5 - 3 - 0,4 - 4 - 0,5 - 1 - 0,0.833,7 - 5 - 0,0.583,2 - 2 - 0,3W,3 - 2 - 0,2015,5,3,0,4,4,0,5,1,0,7,5,0,2,2,0,3,2,0
Washington Commanders,9,7,0,0.563,388,379,9,6 - 2 - 0,3 - 5 - 0,4 - 2 - 0,0.667,8 - 4 - 0,0.667,1 - 3 - 0,4W,4 - 1 - 0,2015,6,2,0,3,5,0,4,2,0,8,4,0,1,3,0,4,1,0
Green Bay Packers,10,6,0,0.625,368,323,45,5 - 3 - 0,5 - 3 - 0,3 - 3 - 0,0.5,7 - 5 - 0,0.583,3 - 1 - 0,2L,3 - 2 - 0,2015,5,3,0,5,3,0,3,3,0,7,5,0,3,1,0,3,2,0
New York Jets,10,6,0,0.625,387,314,73,6 - 2 - 0,4 - 4 - 0,3 - 3 - 0,0.5,7 - 5 - 0,0.583,3 - 1 - 0,1L,4 - 1 - 0,2015,6,2,0,4,4,0,3,3,0,7,5,0,3,1,0,4,1,0
Pittsburgh Steelers,10,6,0,0.625,423,319,104,6 - 2 - 0,4 - 4 - 0,3 - 3 - 0,0.5,7 - 5 - 0,0.583,3 - 1 - 0,1W,4 - 1 - 0,2015,6,2,0,4,4,0,3,3,0,7,5,0,3,1,0,4,1,0
Seattle Seahawks,10,6,0,0.625,423,277,146,5 - 3 - 0,5 - 3 - 0,3 - 3 - 0,0.5,7 - 5 - 0,0.583,3 - 1 - 0,1W,4 - 1 - 0,2015,5,3,0,5,3,0,3,3,0,7,5,0,3,1,0,4,1,0
Kansas City Chiefs,11,5,0,0.688,405,287,118,6 - 2 - 0,5 - 3 - 0,5 - 1 - 0,0.833,10 - 2 - 0,0.833,1 - 3 - 0,10W,5 - 0 - 0,2015,6,2,0,5,3,0,5,1,0,10,2,0,1,3,0,5,0,0
Minnesota Vikings,11,5,0,0.688,365,302,63,6 - 2 - 0,5 - 3 - 0,5 - 1 - 0,0.833,8 - 4 - 0,0.667,3 - 1 - 0,3W,3 - 2 - 0,2015,6,2,0,5,3,0,5,1,0,8,4,0,3,1,0,3,2,0
Cincinnati Bengals,12,4,0,0.75,419,279,140,6 - 2 - 0,6 - 2 - 0,5 - 1 - 0,0.833,9 - 3 - 0,0.75,3 - 1 - 0,1W,3 - 2 - 0,2015,6,2,0,6,2,0,5,1,0,9,3,0,3,1,0,3,2,0
Denver Broncos,12,4,0,0.75,355,296,59,6 - 2 - 0,6 - 2 - 0,4 - 2 - 0,0.667,8 - 4 - 0,0.667,4 - 0 - 0,2W,3 - 2 - 0,2015,6,2,0,6,2,0,4,2,0,8,4,0,4,0,0,3,2,0
New England Patriots,12,4,0,0.75,465,315,150,7 - 1 - 0,5 - 3 - 0,4 - 2 - 0,0.667,9 - 3 - 0,0.75,3 - 1 - 0,2L,2 - 3 - 0,2015,7,1,0,5,3,0,4,2,0,9,3,0,3,1,0,2,3,0
Arizona Cardinals,13,3,0,0.813,489,313,176,6 - 2 - 0,7 - 1 - 0,4 - 2 - 0,0.667,10 - 2 - 0,0.833,3 - 1 - 0,1L,4 - 1 - 0,2015,6,2,0,7,1,0,4,2,0,10,2,0,3,1,0,4,1,0
Carolina Panthers,15,1,0,0.938,500,308,192,8 - 0 - 0,7 - 1 - 0,5 - 1 - 0,0.833,11 - 1 - 0,0.917,4 - 0 - 0,1W,4 - 1 - 0,2015,8,0,0,7,1,0,5,1,0,11,1,0,4,0,0,4,1,0
Cleveland Browns,1,15,0,0.063,264,452,-188,1 - 7 - 0,0 - 8 - 0,0 - 6 - 0,0.0,1 - 11 - 0,0.083,0 - 4 - 0,1L,1 - 4 - 0,2016,1,7,0,0,8,0,0,6,0,1,11,0,0,4,0,1,4,0
San Francisco 49ers,2,14,0,0.125,309,480,-171,1 - 7 - 0,1 - 7 - 0,2 - 4 - 0,0.333,2 - 10 - 0,0.167,0 - 4 - 0,1L,1 - 4 - 0,2016,1,7,0,1,7,0,2,4,0,2,10,0,0,4,0,1,4,0
Chicago Bears,3,13,0,0.188,279,399,-120,3 - 5 - 0,0 - 8 - 0,2 - 4 - 0,0.333,3 - 9 - 0,0.25,0 - 4 - 0,4L,1 - 4 - 0,2016,3,5,0,0,8,0,2,4,0,3,9,0,0,4,0,1,4,0
Jacksonville Jaguars,3,13,0,0.188,318,400,-82,2 - 6 - 0,1 - 7 - 0,2 - 4 - 0,0.333,2 - 10 - 0,0.167,1 - 3 - 0,1L,1 - 4 - 0,2016,2,6,0,1,7,0,2,4,0,2,10,0,1,3,0,1,4,0
Los Angeles Rams,4,12,0,0.25,224,394,-170,1 - 7 - 0,3 - 5 - 0,2 - 4 - 0,0.333,3 - 9 - 0,0.25,1 - 3 - 0,7L,0 - 5 - 0,2016,1,7,0,3,5,0,2,4,0,3,9,0,1,3,0,0,5,0
Los Angeles Chargers,5,11,0,0.313,410,423,-13,3 - 5 - 0,2 - 6 - 0,1 - 5 - 0,0.167,4 - 8 - 0,0.333,1 - 3 - 0,5L,0 - 5 - 0,2016,3,5,0,2,6,0,1,5,0,4,8,0,1,3,0,0,5,0
New York Jets,5,11,0,0.313,275,409,-134,2 - 6 - 0,3 - 5 - 0,2 - 4 - 0,0.333,4 - 8 - 0,0.333,1 - 3 - 0,1W,2 - 3 - 0,2016,2,6,0,3,5,0,2,4,0,4,8,0,1,3,0,2,3,0
Carolina Panthers,6,10,0,0.375,369,402,-33,4 - 4 - 0,2 - 6 - 0,1 - 5 - 0,0.167,5 - 7 - 0,0.417,1 - 3 - 0,2L,2 - 3 - 0,2016,4,4,0,2,6,0,1,5,0,5,7,0,1,3,0,2,3,0
Cincinnati Bengals,6,9,1,0.406,325,315,10,4 - 3 - 1,2 - 6 - 0,3 - 3 - 0,0.5,5 - 7 - 0,0.417,1 - 2 - 1,1W,3 - 2 - 0,2016,4,3,1,2,6,0,3,3,0,5,7,0,1,2,1,3,2,0
Arizona Cardinals,7,8,1,0.469,418,362,56,4 - 3 - 1,3 - 5 - 0,4 - 1 - 1,0.75,6 - 5 - 1,0.542,1 - 3 - 0,2W,3 - 2 - 0,2016,4,3,1,3,5,0,4,1,1,6,5,1,1,3,0,3,2,0
Buffalo Bills,7,9,0,0.438,399,378,21,4 - 4 - 0,3 - 5 - 0,1 - 5 - 0,0.167,4 - 8 - 0,0.333,3 - 1 - 0,2L,1 - 4 - 0,2016,4,4,0,3,5,0,1,5,0,4,8,0,3,1,0,1,4,0
New Orleans Saints,7,9,0,0.438,469,454,15,4 - 4 - 0,3 - 5 - 0,2 - 4 - 0,0.333,6 - 6 - 0,0.5,1 - 3 - 0,1L,2 - 3 - 0,2016,4,4,0,3,5,0,2,4,0,6,6,0,1,3,0,2,3,0
Philadelphia Eagles,7,9,0,0.438,367,331,36,6 - 2 - 0,1 - 7 - 0,2 - 4 - 0,0.333,5 - 7 - 0,0.417,2 - 2 - 0,2W,2 - 3 - 0,2016,6,2,0,1,7,0,2,4,0,5,7,0,2,2,0,2,3,0
Baltimore Ravens,8,8,0,0.5,343,321,22,6 - 2 - 0,2 - 6 - 0,4 - 2 - 0,0.667,7 - 5 - 0,0.583,1 - 3 - 0,2L,2 - 3 - 0,2016,6,2,0,2,6,0,4,2,0,7,5,0,1,3,0,2,3,0
Indianapolis Colts,8,8,0,0.5,411,392,19,4 - 4 - 0,4 - 4 - 0,3 - 3 - 0,0.5,5 - 7 - 0,0.417,3 - 1 - 0,1W,3 - 2 - 0,2016,4,4,0,4,4,0,3,3,0,5,7,0,3,1,0,3,2,0
Minnesota Vikings,8,8,0,0.5,327,307,20,5 - 3 - 0,3 - 5 - 0,2 - 4 - 0,0.333,5 - 7 - 0,0.417,3 - 1 - 0,1W,2 - 3 - 0,2016,5,3,0,3,5,0,2,4,0,5,7,0,3,1,0,2,3,0
Washington Commanders,8,7,1,0.531,396,383,13,4 - 4 - 0,4 - 3 - 1,3 - 3 - 0,0.5,6 - 6 - 0,0.5,2 - 1 - 1,1L,2 - 3 - 0,2016,4,4,0,4,3,1,3,3,0,6,6,0,2,1,1,2,3,0
Denver Broncos,9,7,0,0.563,333,297,36,5 - 3 - 0,4 - 4 - 0,2 - 4 - 0,0.333,6 - 6 - 0,0.5,3 - 1 - 0,1W,2 - 3 - 0,2016,5,3,0,4,4,0,2,4,0,6,6,0,3,1,0,2,3,0
Detroit Lions,9,7,0,0.563,346,358,-12,6 - 2 - 0,3 - 5 - 0,3 - 3 - 0,0.5,7 - 5 - 0,0.583,2 - 2 - 0,3L,2 - 3 - 0,2016,6,2,0,3,5,0,3,3,0,7,5,0,2,2,0,2,3,0
Houston Texans,9,7,0,0.563,279,328,-49,7 - 1 - 0,2 - 6 - 0,5 - 1 - 0,0.833,7 - 5 - 0,0.583,2 - 2 - 0,1L,3 - 2 - 0,2016,7,1,0,2,6,0,5,1,0,7,5,0,2,2,0,3,2,0
Tampa Bay Buccaneers,9,7,0,0.563,354,369,-15,4 - 4 - 0,5 - 3 - 0,4 - 2 - 0,0.667,7 - 5 - 0,0.583,2 - 2 - 0,1W,3 - 2 - 0,2016,4,4,0,5,3,0,4,2,0,7,5,0,2,2,0,3,2,0
Tennessee Titans,9,7,0,0.563,381,378,3,5 - 3 - 0,4 - 4 - 0,2 - 4 - 0,0.333,6 - 6 - 0,0.5,3 - 1 - 0,1W,4 - 1 - 0,2016,5,3,0,4,4,0,2,4,0,6,6,0,3,1,0,4,1,0
Green Bay Packers,10,6,0,0.625,432,388,44,6 - 2 - 0,4 - 4 - 0,5 - 1 - 0,0.833,8 - 4 - 0,0.667,2 - 2 - 0,6W,5 - 0 - 0,2016,6,2,0,4,4,0,5,1,0,8,4,0,2,2,0,5,0,0
Miami Dolphins,10,6,0,0.625,363,380,-17,6 - 2 - 0,4 - 4 - 0,4 - 2 - 0,0.667,7 - 5 - 0,0.583,3 - 1 - 0,1L,3 - 2 - 0,2016,6,2,0,4,4,0,4,2,0,7,5,0,3,1,0,3,2,0
Seattle Seahawks,10,5,1,0.656,354,292,62,7 - 1 - 0,3 - 4 - 1,3 - 2 - 1,0.583,6 - 5 - 1,0.542,4 - 0 - 0,1W,3 - 2 - 0,2016,7,1,0,3,4,1,3,2,1,6,5,1,4,0,0,3,2,0
Atlanta Falcons,11,5,0,0.688,540,406,134,5 - 3 - 0,6 - 2 - 0,5 - 1 - 0,0.833,9 - 3 - 0,0.75,2 - 2 - 0,4W,4 - 1 - 0,2016,5,3,0,6,2,0,5,1,0,9,3,0,2,2,0,4,1,0
New York Giants,11,5,0,0.688,310,284,26,7 - 1 - 0,4 - 4 - 0,4 - 2 - 0,0.667,8 - 4 - 0,0.667,3 - 1 - 0,1W,3 - 2 - 0,2016,7,1,0,4,4,0,4,2,0,8,4,0,3,1,0,3,2,0
Pittsburgh Steelers,11,5,0,0.688,399,327,72,6 - 2 - 0,5 - 3 - 0,5 - 1 - 0,0.833,9 - 3 - 0,0.75,2 - 2 - 0,7W,5 - 0 - 0,2016,6,2,0,5,3,0,5,1,0,9,3,0,2,2,0,5,0,0
Kansas City Chiefs,12,4,0,0.75,389,311,78,6 - 2 - 0,6 - 2 - 0,6 - 0 - 0,1.0,9 - 3 - 0,0.75,3 - 1 - 0,2W,4 - 1 - 0,2016,6,2,0,6,2,0,6,0,0,9,3,0,3,1,0,4,1,0
Las Vegas Raiders,12,4,0,0.75,416,385,31,6 - 2 - 0,6 - 2 - 0,3 - 3 - 0,0.5,9 - 3 - 0,0.75,3 - 1 - 0,1L,3 - 2 - 0,2016,6,2,0,6,2,0,3,3,0,9,3,0,3,1,0,3,2,0
Dallas Cowboys,13,3,0,0.813,421,306,115,7 - 1 - 0,6 - 2 - 0,3 - 3 - 0,0.5,9 - 3 - 0,0.75,4 - 0 - 0,1L,3 - 2 - 0,2016,7,1,0,6,2,0,3,3,0,9,3,0,4,0,0,3,2,0
New England Patriots,14,2,0,0.875,441,250,191,6 - 2 - 0,8 - 0 - 0,5 - 1 - 0,0.833,11 - 1 - 0,0.917,3 - 1 - 0,7W,5 - 0 - 0,2016,6,2,0,8,0,0,5,1,0,11,1,0,3,1,0,5,0,0
Cleveland Browns,0,16,0,0.0,234,410,-176,0 - 8 - 0,0 - 8 - 0,0 - 6 - 0,0.0,0 - 12 - 0,0.0,0 - 4 - 0,16L,0 - 5 - 0,2017,0,8,0,0,8,0,0,6,0,0,12,0,0,4,0,0,5,0
New York Giants,3,13,0,0.188,246,388,-142,2 - 6 - 0,1 - 7 - 0,1 - 5 - 0,0.167,1 - 11 - 0,0.083,2 - 2 - 0,1W,1 - 4 - 0,2017,2,6,0,1,7,0,1,5,0,1,11,0,2,2,0,1,4,0
Houston Texans,4,12,0,0.25,338,436,-98,3 - 5 - 0,1 - 7 - 0,1 - 5 - 0,0.167,3 - 9 - 0,0.25,1 - 3 - 0,6L,0 - 5 - 0,2017,3,5,0,1,7,0,1,5,0,3,9,0,1,3,0,0,5,0
Indianapolis Colts,4,12,0,0.25,263,404,-141,3 - 5 - 0,1 - 7 - 0,2 - 4 - 0,0.333,3 - 9 - 0,0.25,1 - 3 - 0,1W,1 - 4 - 0,2017,3,5,0,1,7,0,2,4,0,3,9,0,1,3,0,1,4,0
Chicago Bears,5,11,0,0.313,264,320,-56,3 - 5 - 0,2 - 6 - 0,0 - 6 - 0,0.0,1 - 11 - 0,0.083,4 - 0 - 0,1L,2 - 3 - 0,2017,3,5,0,2,6,0,0,6,0,1,11,0,4,0,0,2,3,0
Denver Broncos,5,11,0,0.313,289,382,-93,4 - 4 - 0,1 - 7 - 0,2 - 4 - 0,0.333,4 - 8 - 0,0.333,1 - 3 - 0,2L,2 - 3 - 0,2017,4,4,0,1,7,0,2,4,0,4,8,0,1,3,0,2,3,0
New York Jets,5,11,0,0.313,298,382,-84,4 - 4 - 0,1 - 7 - 0,2 - 4 - 0,0.333,5 - 7 - 0,0.417,0 - 4 - 0,4L,1 - 4 - 0,2017,4,4,0,1,7,0,2,4,0,5,7,0,0,4,0,1,4,0
Tampa Bay Buccaneers,5,11,0,0.313,335,382,-47,4 - 4 - 0,1 - 7 - 0,1 - 5 - 0,0.167,3 - 9 - 0,0.25,2 - 2 - 0,1W,1 - 4 - 0,2017,4,4,0,1,7,0,1,5,0,3,9,0,2,2,0,1,4,0
Las Vegas Raiders,6,10,0,0.375,301,373,-72,4 - 4 - 0,2 - 6 - 0,2 - 4 - 0,0.333,5 - 7 - 0,0.417,1 - 3 - 0,4L,1 - 4 - 0,2017,4,4,0,2,6,0,2,4,0,5,7,0,1,3,0,1,4,0
Miami Dolphins,6,10,0,0.375,281,393,-112,4 - 4 - 0,2 - 6 - 0,2 - 4 - 0,0.333,5 - 7 - 0,0.417,1 - 3 - 0,3L,2 - 3 - 0,2017,4,4,0,2,6,0,2,4,0,5,7,0,1,3,0,2,3,0
San Francisco 49ers,6,10,0,0.375,331,383,-52,3 - 5 - 0,3 - 5 - 0,1 - 5 - 0,0.167,3 - 9 - 0,0.25,3 - 1 - 0,5W,5 - 0 - 0,2017,3,5,0,3,5,0,1,5,0,3,9,0,3,1,0,5,0,0
Cincinnati Bengals,7,9,0,0.438,290,349,-59,4 - 4 - 0,3 - 5 - 0,3 - 3 - 0,0.5,6 - 6 - 0,0.5,1 - 3 - 0,2W,2 - 3 - 0,2017,4,4,0,3,5,0,3,3,0,6,6,0,1,3,0,2,3,0
Green Bay Packers,7,9,0,0.438,320,384,-64,4 - 4 - 0,3 - 5 - 0,2 - 4 - 0,0.333,5 - 7 - 0,0.417,2 - 2 - 0,3L,2 - 3 - 0,2017,4,4,0,3,5,0,2,4,0,5,7,0,2,2,0,2,3,0
Washington Commanders,7,9,0,0.438,342,388,-46,5 - 3 - 0,2 - 6 - 0,1 - 5 - 0,0.167,5 - 7 - 0,0.417,2 - 2 - 0,1L,2 - 3 - 0,2017,5,3,0,2,6,0,1,5,0,5,7,0,2,2,0,2,3,0
Arizona Cardinals,8,8,0,0.5,295,361,-66,5 - 3 - 0,3 - 5 - 0,3 - 3 - 0,0.5,5 - 7 - 0,0.417,3 - 1 - 0,2W,3 - 2 - 0,2017,5,3,0,3,5,0,3,3,0,5,7,0,3,1,0,3,2,0
Baltimore Ravens,9,7,0,0.563,395,303,92,5 - 3 - 0,4 - 4 - 0,3 - 3 - 0,0.5,7 - 5 - 0,0.583,2 - 2 - 0,1L,3 - 2 - 0,2017,5,3,0,4,4,0,3,3,0,7,5,0,2,2,0,3,2,0
Buffalo Bills,9,7,0,0.563,302,359,-57,6 - 2 - 0,3 - 5 - 0,3 - 3 - 0,0.5,7 - 5 - 0,0.583,2 - 2 - 0,1W,3 - 2 - 0,2017,6,2,0,3,5,0,3,3,0,7,5,0,2,2,0,3,2,0
Dallas Cowboys,9,7,0,0.563,354,332,22,3 - 5 - 0,6 - 2 - 0,5 - 1 - 0,0.833,7 - 5 - 0,0.583,2 - 2 - 0,1W,4 - 1 - 0,2017,3,5,0,6,2,0,5,1,0,7,5,0,2,2,0,4,1,0
Detroit Lions,9,7,0,0.563,410,376,34,4 - 4 - 0,5 - 3 - 0,5 - 1 - 0,0.833,8 - 4 - 0,0.667,1 - 3 - 0,1W,3 - 2 - 0,2017,4,4,0,5,3,0,5,1,0,8,4,0,1,3,0,3,2,0
Los Angeles Chargers,9,7,0,0.563,355,272,83,5 - 3 - 0,4 - 4 - 0,3 - 3 - 0,0.5,6 - 6 - 0,0.5,3 - 1 - 0,2W,4 - 1 - 0,2017,5,3,0,4,4,0,3,3,0,6,6,0,3,1,0,4,1,0
Seattle Seahawks,9,7,0,0.563,366,332,34,4 - 4 - 0,5 - 3 - 0,4 - 2 - 0,0.667,7 - 5 - 0,0.583,2 - 2 - 0,1L,2 - 3 - 0,2017,4,4,0,5,3,0,4,2,0,7,5,0,2,2,0,2,3,0
Tennessee Titans,9,7,0,0.563,334,356,-22,6 - 2 - 0,3 - 5 - 0,5 - 1 - 0,0.833,8 - 4 - 0,0.667,1 - 3 - 0,1W,2 - 3 - 0,2017,6,2,0,3,5,0,5,1,0,8,4,0,1,3,0,2,3,0
Atlanta Falcons,10,6,0,0.625,353,315,38,5 - 3 - 0,5 - 3 - 0,4 - 2 - 0,0.667,9 - 3 - 0,0.75,1 - 3 - 0,1W,3 - 2 - 0,2017,5,3,0,5,3,0,4,2,0,9,3,0,1,3,0,3,2,0
Jacksonville Jaguars,10,6,0,0.625,417,268,149,6 - 2 - 0,4 - 4 - 0,4 - 2 - 0,0.667,9 - 3 - 0,0.75,1 - 3 - 0,2L,3 - 2 - 0,2017,6,2,0,4,4,0,4,2,0,9,3,0,1,3,0,3,2,0
Kansas City Chiefs,10,6,0,0.625,415,339,76,6 - 2 - 0,4 - 4 - 0,5 - 1 - 0,0.833,8 - 4 - 0,0.667,2 - 2 - 0,4W,4 - 1 - 0,2017,6,2,0,4,4,0,5,1,0,8,4,0,2,2,0,4,1,0
Carolina Panthers,11,5,0,0.688,363,327,36,6 - 2 - 0,5 - 3 - 0,3 - 3 - 0,0.5,7 - 5 - 0,0.583,4 - 0 - 0,1L,3 - 2 - 0,2017,6,2,0,5,3,0,3,3,0,7,5,0,4,0,0,3,2,0
Los Angeles Rams,11,5,0,0.688,478,329,149,4 - 4 - 0,7 - 1 - 0,4 - 2 - 0,0.667,7 - 5 - 0,0.583,4 - 0 - 0,1L,3 - 2 - 0,2017,4,4,0,7,1,0,4,2,0,7,5,0,4,0,0,3,2,0
New Orleans Saints,11,5,0,0.688,448,326,122,7 - 1 - 0,4 - 4 - 0,4 - 2 - 0,0.667,8 - 4 - 0,0.667,3 - 1 - 0,1L,3 - 2 - 0,2017,7,1,0,4,4,0,4,2,0,8,4,0,3,1,0,3,2,0
Minnesota Vikings,13,3,0,0.813,382,252,130,7 - 1 - 0,6 - 2 - 0,5 - 1 - 0,0.833,10 - 2 - 0,0.833,3 - 1 - 0,3W,4 - 1 - 0,2017,7,1,0,6,2,0,5,1,0,10,2,0,3,1,0,4,1,0
New England Patriots,13,3,0,0.813,458,296,162,6 - 2 - 0,7 - 1 - 0,5 - 1 - 0,0.833,10 - 2 - 0,0.833,3 - 1 - 0,3W,4 - 1 - 0,2017,6,2,0,7,1,0,5,1,0,10,2,0,3,1,0,4,1,0
Philadelphia Eagles,13,3,0,0.813,457,295,162,7 - 1 - 0,6 - 2 - 0,5 - 1 - 0,0.833,10 - 2 - 0,0.833,3 - 1 - 0,1L,3 - 2 - 0,2017,7,1,0,6,2,0,5,1,0,10,2,0,3,1,0,3,2,0
Pittsburgh Steelers,13,3,0,0.813,406,308,98,6 - 2 - 0,7 - 1 - 0,6 - 0 - 0,1.0,10 - 2 - 0,0.833,3 - 1 - 0,2W,4 - 1 - 0,2017,6,2,0,7,1,0,6,0,0,10,2,0,3,1,0,4,1,0
Arizona Cardinals,3,13,0,0.188,225,425,-200,1 - 7 - 0,2 - 6 - 0,2 - 4 - 0,0.333,3 - 9 - 0,0.25,0 - 4 - 0,4L,1 - 4 - 0,2018,1,7,0,2,6,0,2,4,0,3,9,0,0,4,0,1,4,0
Las Vegas Raiders,4,12,0,0.25,290,467,-177,3 - 5 - 0,1 - 7 - 0,1 - 5 - 0,0.167,3 - 9 - 0,0.25,1 - 3 - 0,1L,2 - 3 - 0,2018,3,5,0,1,7,0,1,5,0,3,9,0,1,3,0,2,3,0
New York Jets,4,12,0,0.25,333,441,-108,2 - 6 - 0,2 - 6 - 0,1 - 5 - 0,0.167,3 - 9 - 0,0.25,1 - 3 - 0,3L,1 - 4 - 0,2018,2,6,0,2,6,0,1,5,0,3,9,0,1,3,0,1,4,0
San Francisco 49ers,4,12,0,0.25,342,435,-93,4 - 4 - 0,0 - 8 - 0,1 - 5 - 0,0.167,2 - 10 - 0,0.167,2 - 2 - 0,2L,2 - 3 - 0,2018,4,4,0,0,8,0,1,5,0,2,10,0,2,2,0,2,3,0
Jacksonville Jaguars,5,11,0,0.313,245,316,-71,3 - 5 - 0,2 - 6 - 0,1 - 5 - 0,0.167,4 - 8 - 0,0.333,1 - 3 - 0,1L,2 - 3 - 0,2018,3,5,0,2,6,0,1,5,0,4,8,0,1,3,0,2,3,0
New York Giants,5,11,0,0.313,369,412,-43,2 - 6 - 0,3 - 5 - 0,1 - 5 - 0,0.167,4 - 8 - 0,0.333,1 - 3 - 0,3L,2 - 3 - 0,2018,2,6,0,3,5,0,1,5,0,4,8,0,1,3,0,2,3,0
Tampa Bay Buccaneers,5,11,0,0.313,396,464,-68,4 - 4 - 0,1 - 7 - 0,2 - 4 - 0,0.333,4 - 8 - 0,0.333,1 - 3 - 0,4L,1 - 4 - 0,2018,4,4,0,1,7,0,2,4,0,4,8,0,1,3,0,1,4,0
Buffalo Bills,6,10,0,0.375,269,374,-105,4 - 4 - 0,2 - 6 - 0,2 - 4 - 0,0.333,4 - 8 - 0,0.333,2 - 2 - 0,1W,2 - 3 - 0,2018,4,4,0,2,6,0,2,4,0,4,8,0,2,2,0,2,3,0
Cincinnati Bengals,6,10,0,0.375,368,455,-87,4 - 4 - 0,2 - 6 - 0,1 - 5 - 0,0.167,4 - 8 - 0,0.333,2 - 2 - 0,2L,1 - 4 - 0,2018,4,4,0,2,6,0,1,5,0,4,8,0,2,2,0,1,4,0
Denver Broncos,6,10,0,0.375,329,349,-20,3 - 5 - 0,3 - 5 - 0,2 - 4 - 0,0.333,4 - 8 - 0,0.333,2 - 2 - 0,4L,1 - 4 - 0,2018,3,5,0,3,5,0,2,4,0,4,8,0,2,2,0,1,4,0
Detroit Lions,6,10,0,0.375,324,360,-36,3 - 5 - 0,3 - 5 - 0,2 - 4 - 0,0.333,4 - 8 - 0,0.333,2 - 2 - 0,1W,2 - 3 - 0,2018,3,5,0,3,5,0,2,4,0,4,8,0,2,2,0,2,3,0
Green Bay Packers,6,9,1,0.406,376,400,-24,5 - 2 - 1,1 - 7 - 0,1 - 4 - 1,0.25,3 - 8 - 1,0.292,3 - 1 - 0,1L,2 - 3 - 0,2018,5,2,1,1,7,0,1,4,1,3,8,1,3,1,0,2,3,0
Atlanta Falcons,7,9,0,0.438,414,423,-9,4 - 4 - 0,3 - 5 - 0,4 - 2 - 0,0.667,7 - 5 - 0,0.583,0 - 4 - 0,3W,3 - 2 - 0,2018,4,4,0,3,5,0,4,2,0,7,5,0,0,4,0,3,2,0
Carolina Panthers,7,9,0,0.438,376,382,-6,5 - 3 - 0,2 - 6 - 0,2 - 4 - 0,0.333,5 - 7 - 0,0.417,2 - 2 - 0,1W,1 - 4 - 0,2018,5,3,0,2,6,0,2,4,0,5,7,0,2,2,0,1,4,0
Cleveland Browns,7,8,1,0.469,359,392,-33,5 - 2 - 1,2 - 6 - 0,3 - 2 - 1,0.583,5 - 6 - 1,0.458,2 - 2 - 0,1L,3 - 2 - 0,2018,5,2,1,2,6,0,3,2,1,5,6,1,2,2,0,3,2,0
Miami Dolphins,7,9,0,0.438,319,433,-114,6 - 2 - 0,1 - 7 - 0,4 - 2 - 0,0.667,6 - 6 - 0,0.5,1 - 3 - 0,3L,2 - 3 - 0,2018,6,2,0,1,7,0,4,2,0,6,6,0,1,3,0,2,3,0
Washington Commanders,7,9,0,0.438,281,359,-78,3 - 5 - 0,4 - 4 - 0,2 - 4 - 0,0.333,6 - 6 - 0,0.5,1 - 3 - 0,2L,1 - 4 - 0,2018,3,5,0,4,4,0,2,4,0,6,6,0,1,3,0,1,4,0
Minnesota Vikings,8,7,1,0.531,360,341,19,5 - 3 - 0,3 - 4 - 1,3 - 2 - 1,0.583,6 - 5 - 1,0.542,2 - 2 - 0,1L,2 - 3 - 0,2018,5,3,0,3,4,1,3,2,1,6,5,1,2,2,0,2,3,0
Philadelphia Eagles,9,7,0,0.563,367,348,19,5 - 3 - 0,4 - 4 - 0,4 - 2 - 0,0.667,6 - 6 - 0,0.5,3 - 1 - 0,3W,4 - 1 - 0,2018,5,3,0,4,4,0,4,2,0,6,6,0,3,1,0,4,1,0
Pittsburgh Steelers,9,6,1,0.594,428,360,68,5 - 3 - 0,4 - 3 - 1,4 - 1 - 1,0.75,6 - 5 - 1,0.542,3 - 1 - 0,1W,2 - 3 - 0,2018,5,3,0,4,3,1,4,1,1,6,5,1,3,1,0,2,3,0
Tennessee Titans,9,7,0,0.563,310,303,7,6 - 2 - 0,3 - 5 - 0,3 - 3 - 0,0.5,5 - 7 - 0,0.417,4 - 0 - 0,1L,4 - 1 - 0,2018,6,2,0,3,5,0,3,3,0,5,7,0,4,0,0,4,1,0
Baltimore Ravens,10,6,0,0.625,389,287,102,6 - 2 - 0,4 - 4 - 0,3 - 3 - 0,0.5,8 - 4 - 0,0.667,2 - 2 - 0,3W,4 - 1 - 0,2018,6,2,0,4,4,0,3,3,0,8,4,0,2,2,0,4,1,0
Dallas Cowboys,10,6,0,0.625,339,324,15,7 - 1 - 0,3 - 5 - 0,5 - 1 - 0,0.833,9 - 3 - 0,0.75,1 - 3 - 0,2W,4 - 1 - 0,2018,7,1,0,3,5,0,5,1,0,9,3,0,1,3,0,4,1,0
Indianapolis Colts,10,6,0,0.625,433,344,89,6 - 2 - 0,4 - 4 - 0,4 - 2 - 0,0.667,7 - 5 - 0,0.583,3 - 1 - 0,4W,4 - 1 - 0,2018,6,2,0,4,4,0,4,2,0,7,5,0,3,1,0,4,1,0
Seattle Seahawks,10,6,0,0.625,428,347,81,6 - 2 - 0,4 - 4 - 0,3 - 3 - 0,0.5,8 - 4 - 0,0.667,2 - 2 - 0,2W,4 - 1 - 0,2018,6,2,0,4,4,0,3,3,0,8,4,0,2,2,0,4,1,0
Houston Texans,11,5,0,0.688,402,316,86,6 - 2 - 0,5 - 3 - 0,4 - 2 - 0,0.667,9 - 3 - 0,0.75,2 - 2 - 0,1W,3 - 2 - 0,2018,6,2,0,5,3,0,4,2,0,9,3,0,2,2,0,3,2,0
New England Patriots,11,5,0,0.688,436,325,111,8 - 0 - 0,3 - 5 - 0,5 - 1 - 0,0.833,8 - 4 - 0,0.667,3 - 1 - 0,2W,3 - 2 - 0,2018,8,0,0,3,5,0,5,1,0,8,4,0,3,1,0,3,2,0
Chicago Bears,12,4,0,0.75,421,283,138,7 - 1 - 0,5 - 3 - 0,5 - 1 - 0,0.833,10 - 2 - 0,0.833,2 - 2 - 0,4W,4 - 1 - 0,2018,7,1,0,5,3,0,5,1,0,10,2,0,2,2,0,4,1,0
Kansas City Chiefs,12,4,0,0.75,565,421,144,7 - 1 - 0,5 - 3 - 0,5 - 1 - 0,0.833,10 - 2 - 0,0.833,2 - 2 - 0,1W,3 - 2 - 0,2018,7,1,0,5,3,0,5,1,0,10,2,0,2,2,0,3,2,0
Los Angeles Chargers,12,4,0,0.75,428,329,99,5 - 3 - 0,7 - 1 - 0,4 - 2 - 0,0.667,9 - 3 - 0,0.75,3 - 1 - 0,1W,4 - 1 - 0,2018,5,3,0,7,1,0,4,2,0,9,3,0,3,1,0,4,1,0
Los Angeles Rams,13,3,0,0.813,527,384,143,7 - 1 - 0,6 - 2 - 0,6 - 0 - 0,1.0,9 - 3 - 0,0.75,4 - 0 - 0,2W,3 - 2 - 0,2018,7,1,0,6,2,0,6,0,0,9,3,0,4,0,0,3,2,0
New Orleans Saints,13,3,0,0.813,504,353,151,6 - 2 - 0,7 - 1 - 0,4 - 2 - 0,0.667,9 - 3 - 0,0.75,4 - 0 - 0,1L,3 - 2 - 0,2018,6,2,0,7,1,0,4,2,0,9,3,0,4,0,0,3,2,0
Cincinnati Bengals,2,14,0,0.125,279,420,-141,2 - 6 - 0,0 - 8 - 0,1 - 5 - 0,0.167,2 - 10 - 0,0.167,0 - 4 - 0,1W,2 - 3 - 0,2019,2,6,0,0,8,0,1,5,0,2,10,0,0,4,0,2,3,0
Detroit Lions,3,12,1,0.219,341,423,-82,2 - 6 - 0,1 - 6 - 1,0 - 6 - 0,0.0,2 - 9 - 1,0.208,1 - 3 - 0,9L,0 - 5 - 0,2019,2,6,0,1,6,1,0,6,0,2,9,1,1,3,0,0,5,0
Washington Commanders,3,13,0,0.188,266,435,-169,1 - 7 - 0,2 - 6 - 0,0 - 6 - 0,0.0,2 - 10 - 0,0.167,1 - 3 - 0,4L,1 - 4 - 0,2019,1,7,0,2,6,0,0,6,0,2,10,0,1,3,0,1,4,0
New York Giants,4,12,0,0.25,341,451,-110,2 - 6 - 0,2 - 6 - 0,2 - 4 - 0,0.333,3 - 9 - 0,0.25,1 - 3 - 0,1L,2 - 3 - 0,2019,2,6,0,2,6,0,2,4,0,3,9,0,1,3,0,2,3,0
Arizona Cardinals,5,10,1,0.344,361,442,-81,2 - 5 - 1,3 - 5 - 0,1 - 5 - 0,0.167,3 - 8 - 1,0.292,2 - 2 - 0,1L,2 - 3 - 0,2019,2,5,1,3,5,0,1,5,0,3,8,1,2,2,0,2,3,0
Carolina Panthers,5,11,0,0.313,340,470,-130,2 - 6 - 0,3 - 5 - 0,1 - 5 - 0,0.167,2 - 10 - 0,0.167,3 - 1 - 0,8L,0 - 5 - 0,2019,2,6,0,3,5,0,1,5,0,2,10,0,3,1,0,0,5,0
Los Angeles Chargers,5,11,0,0.313,337,345,-8,2 - 6 - 0,3 - 5 - 0,0 - 6 - 0,0.0,3 - 9 - 0,0.25,2 - 2 - 0,3L,1 - 4 - 0,2019,2,6,0,3,5,0,0,6,0,3,9,0,2,2,0,1,4,0
Miami Dolphins,5,11,0,0.313,306,494,-188,3 - 5 - 0,2 - 6 - 0,2 - 4 - 0,0.333,4 - 8 - 0,0.333,1 - 3 - 0,2W,3 - 2 - 0,2019,3,5,0,2,6,0,2,4,0,4,8,0,1,3,0,3,2,0
Cleveland Browns,6,10,0,0.375,335,393,-58,4 - 4 - 0,2 - 6 - 0,3 - 3 - 0,0.5,6 - 6 - 0,0.5,0 - 4 - 0,3L,1 - 4 - 0,2019,4,4,0,2,6,0,3,3,0,6,6,0,0,4,0,1,4,0
Jacksonville Jaguars,6,10,0,0.375,300,397,-97,3 - 5 - 0,3 - 5 - 0,2 - 4 - 0,0.333,6 - 6 - 0,0.5,0 - 4 - 0,1W,2 - 3 - 0,2019,3,5,0,3,5,0,2,4,0,6,6,0,0,4,0,2,3,0
Atlanta Falcons,7,9,0,0.438,381,399,-18,3 - 5 - 0,4 - 4 - 0,4 - 2 - 0,0.667,6 - 6 - 0,0.5,1 - 3 - 0,4W,4 - 1 - 0,2019,3,5,0,4,4,0,4,2,0,6,6,0,1,3,0,4,1,0
Denver Broncos,7,9,0,0.438,282,316,-34,5 - 3 - 0,2 - 6 - 0,3 - 3 - 0,0.5,6 - 6 - 0,0.5,1 - 3 - 0,2W,4 - 1 - 0,2019,5,3,0,2,6,0,3,3,0,6,6,0,1,3,0,4,1,0
Indianapolis Colts,7,9,0,0.438,361,373,-12,5 - 3 - 0,2 - 6 - 0,3 - 3 - 0,0.5,5 - 7 - 0,0.417,2 - 2 - 0,1L,1 - 4 - 0,2019,5,3,0,2,6,0,3,3,0,5,7,0,2,2,0,1,4,0
Las Vegas Raiders,7,9,0,0.438,313,419,-106,5 - 3 - 0,2 - 6 - 0,3 - 3 - 0,0.5,5 - 7 - 0,0.417,2 - 2 - 0,1L,1 - 4 - 0,2019,5,3,0,2,6,0,3,3,0,5,7,0,2,2,0,1,4,0
New York Jets,7,9,0,0.438,276,359,-83,5 - 3 - 0,2 - 6 - 0,2 - 4 - 0,0.333,4 - 8 - 0,0.333,3 - 1 - 0,2W,3 - 2 - 0,2019,5,3,0,2,6,0,2,4,0,4,8,0,3,1,0,3,2,0
Tampa Bay Buccaneers,7,9,0,0.438,458,449,9,2 - 6 - 0,5 - 3 - 0,2 - 4 - 0,0.333,5 - 7 - 0,0.417,2 - 2 - 0,2L,3 - 2 - 0,2019,2,6,0,5,3,0,2,4,0,5,7,0,2,2,0,3,2,0
Chicago Bears,8,8,0,0.5,280,298,-18,4 - 4 - 0,4 - 4 - 0,4 - 2 - 0,0.667,7 - 5 - 0,0.583,1 - 3 - 0,1W,3 - 2 - 0,2019,4,4,0,4,4,0,4,2,0,7,5,0,1,3,0,3,2,0
Dallas Cowboys,8,8,0,0.5,434,321,113,5 - 3 - 0,3 - 5 - 0,5 - 1 - 0,0.833,7 - 5 - 0,0.583,1 - 3 - 0,1W,2 - 3 - 0,2019,5,3,0,3,5,0,5,1,0,7,5,0,1,3,0,2,3,0
Pittsburgh Steelers,8,8,0,0.5,289,303,-14,5 - 3 - 0,3 - 5 - 0,3 - 3 - 0,0.5,6 - 6 - 0,0.5,2 - 2 - 0,3L,2 - 3 - 0,2019,5,3,0,3,5,0,3,3,0,6,6,0,2,2,0,2,3,0
Los Angeles Rams,9,7,0,0.563,394,364,30,5 - 3 - 0,4 - 4 - 0,3 - 3 - 0,0.5,7 - 5 - 0,0.583,2 - 2 - 0,1W,3 - 2 - 0,2019,5,3,0,4,4,0,3,3,0,7,5,0,2,2,0,3,2,0
Philadelphia Eagles,9,7,0,0.563,385,354,31,5 - 3 - 0,4 - 4 - 0,5 - 1 - 0,0.833,7 - 5 - 0,0.583,2 - 2 - 0,4W,4 - 1 - 0,2019,5,3,0,4,4,0,5,1,0,7,5,0,2,2,0,4,1,0
Tennessee Titans,9,7,0,0.563,402,331,71,4 - 4 - 0,5 - 3 - 0,3 - 3 - 0,0.5,7 - 5 - 0,0.583,2 - 2 - 0,1W,3 - 2 - 0,2019,4,4,0,5,3,0,3,3,0,7,5,0,2,2,0,3,2,0
Buffalo Bills,10,6,0,0.625,314,259,55,4 - 4 - 0,6 - 2 - 0,3 - 3 - 0,0.5,7 - 5 - 0,0.583,3 - 1 - 0,2L,2 - 3 - 0,2019,4,4,0,6,2,0,3,3,0,7,5,0,3,1,0,2,3,0
Houston Texans,10,6,0,0.625,378,385,-7,5 - 3 - 0,5 - 3 - 0,4 - 2 - 0,0.667,8 - 4 - 0,0.667,2 - 2 - 0,1L,3 - 2 - 0,2019,5,3,0,5,3,0,4,2,0,8,4,0,2,2,0,3,2,0
Minnesota Vikings,10,6,0,0.625,407,303,104,6 - 2 - 0,4 - 4 - 0,2 - 4 - 0,0.333,7 - 5 - 0,0.583,3 - 1 - 0,2L,2 - 3 - 0,2019,6,2,0,4,4,0,2,4,0,7,5,0,3,1,0,2,3,0
Seattle Seahawks,11,5,0,0.688,405,398,7,4 - 4 - 0,7 - 1 - 0,3 - 3 - 0,0.5,8 - 4 - 0,0.667,3 - 1 - 0,2L,2 - 3 - 0,2019,4,4,0,7,1,0,3,3,0,8,4,0,3,1,0,2,3,0
Kansas City Chiefs,12,4,0,0.75,451,308,143,5 - 3 - 0,7 - 1 - 0,6 - 0 - 0,1.0,9 - 3 - 0,0.75,3 - 1 - 0,6W,5 - 0 - 0,2019,5,3,0,7,1,0,6,0,0,9,3,0,3,1,0,5,0,0
New England Patriots,12,4,0,0.75,420,225,195,6 - 2 - 0,6 - 2 - 0,5 - 1 - 0,0.833,8 - 4 - 0,0.667,4 - 0 - 0,1L,2 - 3 - 0,2019,6,2,0,6,2,0,5,1,0,8,4,0,4,0,0,2,3,0
Green Bay Packers,13,3,0,0.813,376,313,63,7 - 1 - 0,6 - 2 - 0,6 - 0 - 0,1.0,10 - 2 - 0,0.833,3 - 1 - 0,5W,5 - 0 - 0,2019,7,1,0,6,2,0,6,0,0,10,2,0,3,1,0,5,0,0
New Orleans Saints,13,3,0,0.813,458,341,117,6 - 2 - 0,7 - 1 - 0,5 - 1 - 0,0.833,9 - 3 - 0,0.75,4 - 0 - 0,3W,4 - 1 - 0,2019,6,2,0,7,1,0,5,1,0,9,3,0,4,0,0,4,1,0
San Francisco 49ers,13,3,0,0.813,479,310,169,6 - 2 - 0,7 - 1 - 0,5 - 1 - 0,0.833,10 - 2 - 0,0.833,3 - 1 - 0,2W,3 - 2 - 0,2019,6,2,0,7,1,0,5,1,0,10,2,0,3,1,0,3,2,0
Baltimore Ravens,14,2,0,0.875,531,282,249,7 - 1 - 0,7 - 1 - 0,5 - 1 - 0,0.833,10 - 2 - 0,0.833,4 - 0 - 0,12W,5 - 0 - 0,2019,7,1,0,7,1,0,5,1,0,10,2,0,4,0,0,5,0,0
Jacksonville Jaguars,1,15,0,0.063,306,492,-186,1 - 7 - 0,0 - 8 - 0,1 - 5 - 0,0.167,1 - 11 - 0,0.083,0 - 4 - 0,15L,0 - 5 - 0,2020,1,7,0,0,8,0,1,5,0,1,11,0,0,4,0,0,5,0
New York Jets,2,14,0,0.125,243,457,-214,1 - 7 - 0,1 - 7 - 0,0 - 6 - 0,0.0,1 - 11 - 0,0.083,1 - 3 - 0,1L,2 - 3 - 0,2020,1,7,0,1,7,0,0,6,0,1,11,0,1,3,0,2,3,0
Atlanta Falcons,4,12,0,0.25,396,414,-18,2 - 6 - 0,2 - 6 - 0,1 - 5 - 0,0.167,2 - 10 - 0,0.167,2 - 2 - 0,5L,0 - 5 - 0,2020,2,6,0,2,6,0,1,5,0,2,10,0,2,2,0,0,5,0
Cincinnati Bengals,4,11,1,0.281,311,424,-113,3 - 5 - 0,1 - 6 - 1,1 - 5 - 0,0.167,4 - 8 - 0,0.333,0 - 3 - 1,1L,2 - 3 - 0,2020,3,5,0,1,6,1,1,5,0,4,8,0,0,3,1,2,3,0
Houston Texans,4,12,0,0.25,384,464,-80,2 - 6 - 0,2 - 6 - 0,2 - 4 - 0,0.333,3 - 9 - 0,0.25,1 - 3 - 0,5L,0 - 5 - 0,2020,2,6,0,2,6,0,2,4,0,3,9,0,1,3,0,0,5,0
Philadelphia Eagles,4,11,1,0.281,334,418,-84,3 - 4 - 1,1 - 7 - 0,2 - 4 - 0,0.333,4 - 8 - 0,0.333,0 - 3 - 1,3L,1 - 4 - 0,2020,3,4,1,1,7,0,2,4,0,4,8,0,0,3,1,1,4,0
Carolina Panthers,5,11,0,0.313,350,402,-52,2 - 6 - 0,3 - 5 - 0,1 - 5 - 0,0.167,4 - 8 - 0,0.333,1 - 3 - 0,1L,1 - 4 - 0,2020,2,6,0,3,5,0,1,5,0,4,8,0,1,3,0,1,4,0
Denver Broncos,5,11,0,0.313,323,446,-123,2 - 6 - 0,3 - 5 - 0,1 - 5 - 0,0.167,4 - 8 - 0,0.333,1 - 3 - 0,3L,1 - 4 - 0,2020,2,6,0,3,5,0,1,5,0,4,8,0,1,3,0,1,4,0
Detroit Lions,5,11,0,0.313,377,519,-142,1 - 7 - 0,4 - 4 - 0,1 - 5 - 0,0.167,4 - 8 - 0,0.333,1 - 3 - 0,4L,1 - 4 - 0,2020,1,7,0,4,4,0,1,5,0,4,8,0,1,3,0,1,4,0
Dallas Cowboys,6,10,0,0.375,395,473,-78,4 - 4 - 0,2 - 6 - 0,2 - 4 - 0,0.333,5 - 7 - 0,0.417,1 - 3 - 0,1L,3 - 2 - 0,2020,4,4,0,2,6,0,2,4,0,5,7,0,1,3,0,3,2,0
New York Giants,6,10,0,0.375,280,357,-77,3 - 5 - 0,3 - 5 - 0,4 - 2 - 0,0.667,5 - 7 - 0,0.417,1 - 3 - 0,1W,2 - 3 - 0,2020,3,5,0,3,5,0,4,2,0,5,7,0,1,3,0,2,3,0
San Francisco 49ers,6,10,0,0.375,376,390,-14,1 - 7 - 0,5 - 3 - 0,3 - 3 - 0,0.5,4 - 8 - 0,0.333,2 - 2 - 0,1L,1 - 4 - 0,2020,1,7,0,5,3,0,3,3,0,4,8,0,2,2,0,1,4,0
Los Angeles Chargers,7,9,0,0.438,384,426,-42,4 - 4 - 0,3 - 5 - 0,3 - 3 - 0,0.5,6 - 6 - 0,0.5,1 - 3 - 0,4W,4 - 1 - 0,2020,4,4,0,3,5,0,3,3,0,6,6,0,1,3,0,4,1,0
Minnesota Vikings,7,9,0,0.438,430,475,-45,3 - 5 - 0,4 - 4 - 0,4 - 2 - 0,0.667,5 - 7 - 0,0.417,2 - 2 - 0,1W,2 - 3 - 0,2020,3,5,0,4,4,0,4,2,0,5,7,0,2,2,0,2,3,0
New England Patriots,7,9,0,0.438,326,353,-27,5 - 3 - 0,2 - 6 - 0,3 - 3 - 0,0.5,6 - 6 - 0,0.5,1 - 3 - 0,1W,2 - 3 - 0,2020,5,3,0,2,6,0,3,3,0,6,6,0,1,3,0,2,3,0
Washington Commanders,7,9,0,0.438,335,329,6,3 - 5 - 0,4 - 4 - 0,4 - 2 - 0,0.667,5 - 7 - 0,0.417,2 - 2 - 0,1W,3 - 2 - 0,2020,3,5,0,4,4,0,4,2,0,5,7,0,2,2,0,3,2,0
Arizona Cardinals,8,8,0,0.5,410,367,43,4 - 4 - 0,4 - 4 - 0,2 - 4 - 0,0.333,6 - 6 - 0,0.5,2 - 2 - 0,2L,2 - 3 - 0,2020,4,4,0,4,4,0,2,4,0,6,6,0,2,2,0,2,3,0
Chicago Bears,8,8,0,0.5,372,370,2,3 - 5 - 0,5 - 3 - 0,2 - 4 - 0,0.333,6 - 6 - 0,0.5,2 - 2 - 0,1L,3 - 2 - 0,2020,3,5,0,5,3,0,2,4,0,6,6,0,2,2,0,3,2,0
Las Vegas Raiders,8,8,0,0.5,434,478,-44,2 - 6 - 0,6 - 2 - 0,4 - 2 - 0,0.667,6 - 6 - 0,0.5,2 - 2 - 0,1W,2 - 3 - 0,2020,2,6,0,6,2,0,4,2,0,6,6,0,2,2,0,2,3,0
Los Angeles Rams,10,6,0,0.625,372,296,76,6 - 2 - 0,4 - 4 - 0,3 - 3 - 0,0.5,9 - 3 - 0,0.75,1 - 3 - 0,1W,3 - 2 - 0,2020,6,2,0,4,4,0,3,3,0,9,3,0,1,3,0,3,2,0
Miami Dolphins,10,6,0,0.625,404,338,66,5 - 3 - 0,5 - 3 - 0,3 - 3 - 0,0.5,7 - 5 - 0,0.583,3 - 1 - 0,1L,3 - 2 - 0,2020,5,3,0,5,3,0,3,3,0,7,5,0,3,1,0,3,2,0
Baltimore Ravens,11,5,0,0.688,468,303,165,5 - 3 - 0,6 - 2 - 0,4 - 2 - 0,0.667,7 - 5 - 0,0.583,4 - 0 - 0,5W,5 - 0 - 0,2020,5,3,0,6,2,0,4,2,0,7,5,0,4,0,0,5,0,0
Cleveland Browns,11,5,0,0.688,408,419,-11,6 - 2 - 0,5 - 3 - 0,3 - 3 - 0,0.5,7 - 5 - 0,0.583,4 - 0 - 0,1W,3 - 2 - 0,2020,6,2,0,5,3,0,3,3,0,7,5,0,4,0,0,3,2,0
Indianapolis Colts,11,5,0,0.688,451,362,89,6 - 2 - 0,5 - 3 - 0,4 - 2 - 0,0.667,7 - 5 - 0,0.583,4 - 0 - 0,1W,4 - 1 - 0,2020,6,2,0,5,3,0,4,2,0,7,5,0,4,0,0,4,1,0
Tampa Bay Buccaneers,11,5,0,0.688,492,355,137,5 - 3 - 0,6 - 2 - 0,4 - 2 - 0,0.667,8 - 4 - 0,0.667,3 - 1 - 0,4W,4 - 1 - 0,2020,5,3,0,6,2,0,4,2,0,8,4,0,3,1,0,4,1,0
Tennessee Titans,11,5,0,0.688,491,439,52,5 - 3 - 0,6 - 2 - 0,5 - 1 - 0,0.833,8 - 4 - 0,0.667,3 - 1 - 0,1W,3 - 2 - 0,2020,5,3,0,6,2,0,5,1,0,8,4,0,3,1,0,3,2,0
New Orleans Saints,12,4,0,0.75,482,337,145,6 - 2 - 0,6 - 2 - 0,6 - 0 - 0,1.0,10 - 2 - 0,0.833,2 - 2 - 0,2W,3 - 2 - 0,2020,6,2,0,6,2,0,6,0,0,10,2,0,2,2,0,3,2,0
Pittsburgh Steelers,12,4,0,0.75,416,312,104,7 - 1 - 0,5 - 3 - 0,4 - 2 - 0,0.667,9 - 3 - 0,0.75,3 - 1 - 0,1L,1 - 4 - 0,2020,7,1,0,5,3,0,4,2,0,9,3,0,3,1,0,1,4,0
Seattle Seahawks,12,4,0,0.75,459,371,88,7 - 1 - 0,5 - 3 - 0,4 - 2 - 0,0.667,9 - 3 - 0,0.75,3 - 1 - 0,4W,4 - 1 - 0,2020,7,1,0,5,3,0,4,2,0,9,3,0,3,1,0,4,1,0
Buffalo Bills,13,3,0,0.813,501,375,126,7 - 1 - 0,6 - 2 - 0,6 - 0 - 0,1.0,10 - 2 - 0,0.833,3 - 1 - 0,6W,5 - 0 - 0,2020,7,1,0,6,2,0,6,0,0,10,2,0,3,1,0,5,0,0
Green Bay Packers,13,3,0,0.813,509,369,140,7 - 1 - 0,6 - 2 - 0,5 - 1 - 0,0.833,10 - 2 - 0,0.833,3 - 1 - 0,6W,5 - 0 - 0,2020,7,1,0,6,2,0,5,1,0,10,2,0,3,1,0,5,0,0
Kansas City Chiefs,14,2,0,0.875,473,362,111,6 - 2 - 0,8 - 0 - 0,4 - 2 - 0,0.667,10 - 2 - 0,0.833,4 - 0 - 0,1L,4 - 1 - 0,2020,6,2,0,8,0,0,4,2,0,10,2,0,4,0,0,4,1,0
Detroit Lions,3,13,1,0.206,325,467,-142,3 - 5 - 0,0 - 8 - 1,2 - 4 - 0,0.333,3 - 9 - 0,0.25,0 - 4 - 1,1W,2 - 3 - 0,2021,3,5,0,0,8,1,2,4,0,3,9,0,0,4,1,2,3,0
Jacksonville Jaguars,3,14,0,0.176,253,457,-204,3 - 6 - 0,0 - 8 - 0,1 - 5 - 0,0.167,3 - 9 - 0,0.25,0 - 5 - 0,1W,1 - 4 - 0,2021,3,6,0,0,8,0,1,5,0,3,9,0,0,5,0,1,4,0
Houston Texans,4,13,0,0.235,280,452,-172,2 - 7 - 0,2 - 6 - 0,3 - 3 - 0,0.5,4 - 8 - 0,0.333,0 - 5 - 0,2L,2 - 3 - 0,2021,2,7,0,2,6,0,3,3,0,4,8,0,0,5,0,2,3,0
New York Giants,4,13,0,0.235,258,416,-158,3 - 5 - 0,1 - 8 - 0,1 - 5 - 0,0.167,3 - 9 - 0,0.25,1 - 4 - 0,6L,0 - 5 - 0,2021,3,5,0,1,8,0,1,5,0,3,9,0,1,4,0,0,5,0
New York Jets,4,13,0,0.235,310,504,-194,3 - 6 - 0,1 - 7 - 0,0 - 6 - 0,0.0,4 - 8 - 0,0.333,0 - 5 - 0,2L,1 - 4 - 0,2021,3,6,0,1,7,0,0,6,0,4,8,0,0,5,0,1,4,0
Carolina Panthers,5,12,0,0.294,304,404,-100,2 - 6 - 0,3 - 6 - 0,2 - 4 - 0,0.333,3 - 9 - 0,0.25,2 - 3 - 0,7L,0 - 5 - 0,2021,2,6,0,3,6,0,2,4,0,3,9,0,2,3,0,0,5,0
Chicago Bears,6,11,0,0.353,311,407,-96,3 - 5 - 0,3 - 6 - 0,2 - 4 - 0,0.333,4 - 8 - 0,0.333,2 - 3 - 0,1L,2 - 3 - 0,2021,3,5,0,3,6,0,2,4,0,4,8,0,2,3,0,2,3,0
Atlanta Falcons,7,10,0,0.412,313,459,-146,2 - 6 - 0,5 - 4 - 0,2 - 4 - 0,0.333,4 - 8 - 0,0.333,3 - 2 - 0,2L,2 - 3 - 0,2021,2,6,0,5,4,0,2,4,0,4,8,0,3,2,0,2,3,0
Denver Broncos,7,10,0,0.412,335,322,13,4 - 5 - 0,3 - 5 - 0,1 - 5 - 0,0.167,3 - 9 - 0,0.25,4 - 1 - 0,4L,1 - 4 - 0,2021,4,5,0,3,5,0,1,5,0,3,9,0,4,1,0,1,4,0
Seattle Seahawks,7,10,0,0.412,395,366,29,3 - 5 - 0,4 - 5 - 0,3 - 3 - 0,0.5,4 - 8 - 0,0.333,3 - 2 - 0,2W,3 - 2 - 0,2021,3,5,0,4,5,0,3,3,0,4,8,0,3,2,0,3,2,0
Washington Commanders,7,10,0,0.412,335,434,-99,3 - 5 - 0,4 - 5 - 0,2 - 4 - 0,0.333,6 - 6 - 0,0.5,1 - 4 - 0,1W,1 - 4 - 0,2021,3,5,0,4,5,0,2,4,0,6,6,0,1,4,0,1,4,0
Baltimore Ravens,8,9,0,0.471,387,392,-5,5 - 4 - 0,3 - 5 - 0,1 - 5 - 0,0.167,5 - 7 - 0,0.417,3 - 2 - 0,6L,0 - 5 - 0,2021,5,4,0,3,5,0,1,5,0,5,7,0,3,2,0,0,5,0
Cleveland Browns,8,9,0,0.471,349,371,-22,6 - 3 - 0,2 - 6 - 0,3 - 3 - 0,0.5,5 - 7 - 0,0.417,3 - 2 - 0,1W,2 - 3 - 0,2021,6,3,0,2,6,0,3,3,0,5,7,0,3,2,0,2,3,0
Minnesota Vikings,8,9,0,0.471,425,426,-1,5 - 3 - 0,3 - 6 - 0,4 - 2 - 0,0.667,6 - 6 - 0,0.5,2 - 3 - 0,1W,3 - 2 - 0,2021,5,3,0,3,6,0,4,2,0,6,6,0,2,3,0,3,2,0
Indianapolis Colts,9,8,0,0.529,451,365,86,4 - 5 - 0,5 - 3 - 0,3 - 3 - 0,0.5,7 - 5 - 0,0.583,2 - 3 - 0,2L,3 - 2 - 0,2021,4,5,0,5,3,0,3,3,0,7,5,0,2,3,0,3,2,0
Los Angeles Chargers,9,8,0,0.529,474,459,15,5 - 4 - 0,4 - 4 - 0,3 - 3 - 0,0.5,6 - 6 - 0,0.5,3 - 2 - 0,1L,2 - 3 - 0,2021,5,4,0,4,4,0,3,3,0,6,6,0,3,2,0,2,3,0
Miami Dolphins,9,8,0,0.529,341,373,-32,6 - 3 - 0,3 - 5 - 0,4 - 2 - 0,0.667,6 - 6 - 0,0.5,3 - 2 - 0,1W,4 - 1 - 0,2021,6,3,0,3,5,0,4,2,0,6,6,0,3,2,0,4,1,0
New Orleans Saints,9,8,0,0.529,364,335,29,3 - 5 - 0,6 - 3 - 0,4 - 2 - 0,0.667,7 - 5 - 0,0.583,2 - 3 - 0,2W,4 - 1 - 0,2021,3,5,0,6,3,0,4,2,0,7,5,0,2,3,0,4,1,0
Philadelphia Eagles,9,8,0,0.529,444,385,59,3 - 5 - 0,6 - 3 - 0,3 - 3 - 0,0.5,7 - 5 - 0,0.583,2 - 3 - 0,1L,4 - 1 - 0,2021,3,5,0,6,3,0,3,3,0,7,5,0,2,3,0,4,1,0
Pittsburgh Steelers,9,7,1,0.559,343,398,-55,6 - 2 - 1,3 - 5 - 0,4 - 2 - 0,0.667,7 - 5 - 0,0.583,2 - 2 - 1,2W,3 - 2 - 0,2021,6,2,1,3,5,0,4,2,0,7,5,0,2,2,1,3,2,0
Cincinnati Bengals,10,7,0,0.588,460,376,84,5 - 4 - 0,5 - 3 - 0,4 - 2 - 0,0.667,8 - 4 - 0,0.667,2 - 3 - 0,1L,3 - 2 - 0,2021,5,4,0,5,3,0,4,2,0,8,4,0,2,3,0,3,2,0
Las Vegas Raiders,10,7,0,0.588,374,439,-65,5 - 4 - 0,5 - 3 - 0,3 - 3 - 0,0.5,8 - 4 - 0,0.667,2 - 3 - 0,4W,4 - 1 - 0,2021,5,4,0,5,3,0,3,3,0,8,4,0,2,3,0,4,1,0
New England Patriots,10,7,0,0.588,462,303,159,4 - 5 - 0,6 - 2 - 0,3 - 3 - 0,0.5,8 - 4 - 0,0.667,2 - 3 - 0,1L,2 - 3 - 0,2021,4,5,0,6,2,0,3,3,0,8,4,0,2,3,0,2,3,0
San Francisco 49ers,10,7,0,0.588,427,365,62,4 - 4 - 0,6 - 3 - 0,2 - 4 - 0,0.333,7 - 5 - 0,0.583,3 - 2 - 0,2W,4 - 1 - 0,2021,4,4,0,6,3,0,2,4,0,7,5,0,3,2,0,4,1,0
Arizona Cardinals,11,6,0,0.647,449,366,83,3 - 5 - 0,8 - 1 - 0,4 - 2 - 0,0.667,7 - 5 - 0,0.583,4 - 1 - 0,1L,1 - 4 - 0,2021,3,5,0,8,1,0,4,2,0,7,5,0,4,1,0,1,4,0
Buffalo Bills,11,6,0,0.647,483,289,194,6 - 3 - 0,5 - 3 - 0,5 - 1 - 0,0.833,7 - 5 - 0,0.583,4 - 1 - 0,4W,4 - 1 - 0,2021,6,3,0,5,3,0,5,1,0,7,5,0,4,1,0,4,1,0
Dallas Cowboys,12,5,0,0.706,530,358,172,5 - 3 - 0,7 - 2 - 0,6 - 0 - 0,1.0,10 - 2 - 0,0.833,2 - 3 - 0,1W,4 - 1 - 0,2021,5,3,0,7,2,0,6,0,0,10,2,0,2,3,0,4,1,0
Kansas City Chiefs,12,5,0,0.706,480,364,116,7 - 2 - 0,5 - 3 - 0,5 - 1 - 0,0.833,7 - 5 - 0,0.583,5 - 0 - 0,1W,4 - 1 - 0,2021,7,2,0,5,3,0,5,1,0,7,5,0,5,0,0,4,1,0
Los Angeles Rams,12,5,0,0.706,460,372,88,5 - 3 - 0,7 - 2 - 0,3 - 3 - 0,0.5,8 - 4 - 0,0.667,4 - 1 - 0,1L,4 - 1 - 0,2021,5,3,0,7,2,0,3,3,0,8,4,0,4,1,0,4,1,0
Tennessee Titans,12,5,0,0.706,419,354,65,7 - 2 - 0,5 - 3 - 0,5 - 1 - 0,0.833,8 - 4 - 0,0.667,4 - 1 - 0,3W,4 - 1 - 0,2021,7,2,0,5,3,0,5,1,0,8,4,0,4,1,0,4,1,0
Green Bay Packers,13,4,0,0.765,450,371,79,8 - 0 - 0,5 - 4 - 0,4 - 2 - 0,0.667,9 - 3 - 0,0.75,4 - 1 - 0,1L,4 - 1 - 0,2021,8,0,0,5,4,0,4,2,0,9,3,0,4,1,0,4,1,0
Tampa Bay Buccaneers,13,4,0,0.765,511,353,158,7 - 1 - 0,6 - 3 - 0,4 - 2 - 0,0.667,8 - 4 - 0,0.667,5 - 0 - 0,3W,4 - 1 - 0,2021,7,1,0,6,3,0,4,2,0,8,4,0,5,0,0,4,1,0
Chicago Bears,3,14,0,0.176,326,463,-137,2 - 7 - 0,1 - 7 - 0,0 - 6 - 0,0.0,1 - 11 - 0,0.083,2 - 3 - 0,10L,0 - 5 - 0,2022,2,7,0,1,7,0,0,6,0,1,11,0,2,3,0,0,5,0
Houston Texans,3,13,1,0.206,289,420,-131,0 - 7 - 1,3 - 6 - 0,3 - 2 - 1,0.583,3 - 8 - 1,0.292,0 - 5 - 0,1W,2 - 3 - 0,2022,0,7,1,3,6,0,3,2,1,3,8,1,0,5,0,2,3,0
Arizona Cardinals,4,13,0,0.235,340,449,-109,1 - 8 - 0,3 - 5 - 0,1 - 5 - 0,0.167,3 - 9 - 0,0.25,1 - 4 - 0,7L,0 - 5 - 0,2022,1,8,0,3,5,0,1,5,0,3,9,0,1,4,0,0,5,0
Indianapolis Colts,4,12,1,0.265,289,427,-138,2 - 6 - 0,2 - 6 - 1,1 - 4 - 1,0.25,4 - 7 - 1,0.375,0 - 5 - 0,7L,0 - 5 - 0,2022,2,6,0,2,6,1,1,4,1,4,7,1,0,5,0,0,5,0
Denver Broncos,5,12,0,0.294,287,359,-72,4 - 4 - 0,1 - 8 - 0,1 - 5 - 0,0.167,3 - 9 - 0,0.25,2 - 3 - 0,1W,2 - 3 - 0,2022,4,4,0,1,8,0,1,5,0,3,9,0,2,3,0,2,3,0
Los Angeles Rams,5,12,0,0.294,307,384,-77,4 - 5 - 0,1 - 7 - 0,1 - 5 - 0,0.167,3 - 9 - 0,0.25,2 - 3 - 0,2L,2 - 3 - 0,2022,4,5,0,1,7,0,1,5,0,3,9,0,2,3,0,2,3,0
Las Vegas Raiders,6,11,0,0.353,395,418,-23,4 - 4 - 0,2 - 7 - 0,3 - 3 - 0,0.5,5 - 7 - 0,0.417,1 - 4 - 0,3L,1 - 4 - 0,2022,4,4,0,2,7,0,3,3,0,5,7,0,1,4,0,1,4,0
Atlanta Falcons,7,10,0,0.412,365,386,-21,6 - 3 - 0,1 - 7 - 0,2 - 4 - 0,0.333,6 - 6 - 0,0.5,1 - 4 - 0,2W,2 - 3 - 0,2022,6,3,0,1,7,0,2,4,0,6,6,0,1,4,0,2,3,0
Carolina Panthers,7,10,0,0.412,347,374,-27,5 - 4 - 0,2 - 6 - 0,4 - 2 - 0,0.667,6 - 6 - 0,0.5,1 - 4 - 0,1W,3 - 2 - 0,2022,5,4,0,2,6,0,4,2,0,6,6,0,1,4,0,3,2,0
Cleveland Browns,7,10,0,0.412,361,381,-20,4 - 4 - 0,3 - 6 - 0,3 - 3 - 0,0.5,4 - 8 - 0,0.333,3 - 2 - 0,1L,2 - 3 - 0,2022,4,4,0,3,6,0,3,3,0,4,8,0,3,2,0,2,3,0
New Orleans Saints,7,10,0,0.412,330,345,-15,4 - 5 - 0,3 - 5 - 0,2 - 4 - 0,0.333,5 - 7 - 0,0.417,2 - 3 - 0,1L,3 - 2 - 0,2022,4,5,0,3,5,0,2,4,0,5,7,0,2,3,0,3,2,0
New York Jets,7,10,0,0.412,296,316,-20,3 - 5 - 0,4 - 5 - 0,2 - 4 - 0,0.333,5 - 7 - 0,0.417,2 - 3 - 0,6L,0 - 5 - 0,2022,3,5,0,4,5,0,2,4,0,5,7,0,2,3,0,0,5,0
Tennessee Titans,7,10,0,0.412,298,359,-61,3 - 5 - 0,4 - 5 - 0,3 - 3 - 0,0.5,5 - 7 - 0,0.417,2 - 3 - 0,7L,0 - 5 - 0,2022,3,5,0,4,5,0,3,3,0,5,7,0,2,3,0,0,5,0
Green Bay Packers,8,9,0,0.471,370,371,-1,5 - 4 - 0,3 - 5 - 0,3 - 3 - 0,0.5,6 - 6 - 0,0.5,2 - 3 - 0,1L,4 - 1 - 0,2022,5,4,0,3,5,0,3,3,0,6,6,0,2,3,0,4,1,0
New England Patriots,8,9,0,0.471,364,347,17,4 - 4 - 0,4 - 5 - 0,3 - 3 - 0,0.5,6 - 6 - 0,0.5,2 - 3 - 0,1L,2 - 3 - 0,2022,4,4,0,4,5,0,3,3,0,6,6,0,2,3,0,2,3,0
Tampa Bay Buccaneers,8,9,0,0.471,313,358,-45,5 - 4 - 0,3 - 5 - 0,4 - 2 - 0,0.667,8 - 4 - 0,0.667,0 - 5 - 0,1L,2 - 3 - 0,2022,5,4,0,3,5,0,4,2,0,8,4,0,0,5,0,2,3,0
Washington Commanders,8,8,1,0.5,321,343,-22,4 - 5 - 0,4 - 3 - 1,2 - 3 - 1,0.417,5 - 6 - 1,0.458,3 - 2 - 0,1W,1 - 3 - 1,2022,4,5,0,4,3,1,2,3,1,5,6,1,3,2,0,1,3,1
Detroit Lions,9,8,0,0.529,453,427,26,5 - 4 - 0,4 - 4 - 0,5 - 1 - 0,0.833,7 - 5 - 0,0.583,2 - 3 - 0,2W,4 - 1 - 0,2022,5,4,0,4,4,0,5,1,0,7,5,0,2,3,0,4,1,0
Jacksonville Jaguars,9,8,0,0.529,404,350,54,5 - 3 - 0,4 - 5 - 0,4 - 2 - 0,0.667,8 - 4 - 0,0.667,1 - 4 - 0,5W,5 - 0 - 0,2022,5,3,0,4,5,0,4,2,0,8,4,0,1,4,0,5,0,0
Miami Dolphins,9,8,0,0.529,397,399,-2,6 - 2 - 0,3 - 6 - 0,3 - 3 - 0,0.5,7 - 5 - 0,0.583,2 - 3 - 0,1W,1 - 4 - 0,2022,6,2,0,3,6,0,3,3,0,7,5,0,2,3,0,1,4,0
New York Giants,9,7,1,0.559,365,371,-6,5 - 3 - 1,4 - 4 - 0,1 - 4 - 1,0.25,4 - 7 - 1,0.375,5 - 0 - 0,1L,2 - 3 - 0,2022,5,3,1,4,4,0,1,4,1,4,7,1,5,0,0,2,3,0
Pittsburgh Steelers,9,8,0,0.529,308,346,-38,4 - 4 - 0,5 - 4 - 0,3 - 3 - 0,0.5,5 - 7 - 0,0.417,4 - 1 - 0,4W,4 - 1 - 0,2022,4,4,0,5,4,0,3,3,0,5,7,0,4,1,0,4,1,0
Seattle Seahawks,9,8,0,0.529,407,401,6,5 - 4 - 0,4 - 4 - 0,4 - 2 - 0,0.667,6 - 6 - 0,0.5,3 - 2 - 0,2W,2 - 3 - 0,2022,5,4,0,4,4,0,4,2,0,6,6,0,3,2,0,2,3,0
Baltimore Ravens,10,7,0,0.588,350,315,35,5 - 3 - 0,5 - 4 - 0,3 - 3 - 0,0.5,6 - 6 - 0,0.5,4 - 1 - 0,2L,2 - 3 - 0,2022,5,3,0,5,4,0,3,3,0,6,6,0,4,1,0,2,3,0
Los Angeles Chargers,10,7,0,0.588,391,384,7,5 - 3 - 0,5 - 4 - 0,2 - 4 - 0,0.333,7 - 5 - 0,0.583,3 - 2 - 0,1L,4 - 1 - 0,2022,5,3,0,5,4,0,2,4,0,7,5,0,3,2,0,4,1,0
Cincinnati Bengals,12,4,0,0.75,418,322,96,6 - 1 - 0,6 - 3 - 0,3 - 3 - 0,0.5,8 - 3 - 0,0.727,4 - 1 - 0,8W,5 - 0 - 0,2022,6,1,0,6,3,0,3,3,0,8,3,0,4,1,0,5,0,0
Dallas Cowboys,12,5,0,0.706,467,342,125,8 - 1 - 0,4 - 4 - 0,4 - 2 - 0,0.667,8 - 4 - 0,0.667,4 - 1 - 0,1L,3 - 2 - 0,2022,8,1,0,4,4,0,4,2,0,8,4,0,4,1,0,3,2,0
Buffalo Bills,13,3,0,0.813,455,286,169,7 - 1 - 0,6 - 2 - 0,4 - 2 - 0,0.667,9 - 2 - 0,0.818,4 - 1 - 0,7W,5 - 0 - 0,2022,7,1,0,6,2,0,4,2,0,9,2,0,4,1,0,5,0,0
Minnesota Vikings,13,4,0,0.765,424,427,-3,8 - 1 - 0,5 - 3 - 0,4 - 2 - 0,0.667,8 - 4 - 0,0.667,5 - 0 - 0,1W,3 - 2 - 0,2022,8,1,0,5,3,0,4,2,0,8,4,0,5,0,0,3,2,0
San Francisco 49ers,13,4,0,0.765,450,277,173,8 - 1 - 0,5 - 3 - 0,6 - 0 - 0,1.0,10 - 2 - 0,0.833,3 - 2 - 0,10W,5 - 0 - 0,2022,8,1,0,5,3,0,6,0,0,10,2,0,3,2,0,5,0,0
Kansas City Chiefs,14,3,0,0.824,496,369,127,7 - 1 - 0,7 - 2 - 0,6 - 0 - 0,1.0,9 - 3 - 0,0.75,5 - 0 - 0,5W,5 - 0 - 0,2022,7,1,0,7,2,0,6,0,0,9,3,0,5,0,0,5,0,0
Philadelphia Eagles,14,3,0,0.824,477,344,133,7 - 2 - 0,7 - 1 - 0,4 - 2 - 0,0.667,9 - 3 - 0,0.75,5 - 0 - 0,1W,3 - 2 - 0,2022,7,2,0,7,1,0,4,2,0,9,3,0,5,0,0,3,2,0
Carolina Panthers,2,15,0,0.118,236,416,-180,2 - 6 - 0,0 - 9 - 0,1 - 5 - 0,0.167,1 - 11 - 0,0.083,1 - 4 - 0,3L,1 - 4 - 0,2023,2,6,0,0,9,0,1,5,0,1,11,0,1,4,0,1,4,0
Arizona Cardinals,4,13,0,0.235,330,455,-125,2 - 6 - 0,2 - 7 - 0,0 - 6 - 0,0.0,3 - 9 - 0,0.25,1 - 4 - 0,1L,2 - 3 - 0,2023,2,6,0,2,7,0,0,6,0,3,9,0,1,4,0,2,3,0
New England Patriots,4,13,0,0.235,236,366,-130,1 - 8 - 0,3 - 5 - 0,2 - 4 - 0,0.333,4 - 8 - 0,0.333,0 - 5 - 0,2L,2 - 3 - 0,2023,1,8,0,3,5,0,2,4,0,4,8,0,0,5,0,2,3,0
Washington Commanders,4,13,0,0.235,329,518,-189,1 - 7 - 0,3 - 6 - 0,0 - 6 - 0,0.0,2 - 10 - 0,0.167,2 - 3 - 0,8L,0 - 5 - 0,2023,1,7,0,3,6,0,0,6,0,2,10,0,2,3,0,0,5,0
Los Angeles Chargers,5,12,0,0.294,346,398,-52,2 - 7 - 0,3 - 5 - 0,1 - 5 - 0,0.167,3 - 9 - 0,0.25,2 - 3 - 0,5L,0 - 5 - 0,2023,2,7,0,3,5,0,1,5,0,3,9,0,2,3,0,0,5,0
New York Giants,6,11,0,0.353,266,407,-141,4 - 4 - 0,2 - 7 - 0,3 - 3 - 0,0.5,5 - 7 - 0,0.417,1 - 4 - 0,1W,2 - 3 - 0,2023,4,4,0,2,7,0,3,3,0,5,7,0,1,4,0,2,3,0
Tennessee Titans,6,11,0,0.353,305,367,-62,5 - 4 - 0,1 - 7 - 0,1 - 5 - 0,0.167,4 - 8 - 0,0.333,2 - 3 - 0,1W,2 - 3 - 0,2023,5,4,0,1,7,0,1,5,0,4,8,0,2,3,0,2,3,0
Atlanta Falcons,7,10,0,0.412,321,373,-52,5 - 3 - 0,2 - 7 - 0,3 - 3 - 0,0.5,4 - 8 - 0,0.333,3 - 2 - 0,2L,1 - 4 - 0,2023,5,3,0,2,7,0,3,3,0,4,8,0,3,2,0,1,4,0
Chicago Bears,7,10,0,0.412,360,379,-19,5 - 3 - 0,2 - 7 - 0,2 - 4 - 0,0.333,6 - 6 - 0,0.5,1 - 4 - 0,1L,3 - 2 - 0,2023,5,3,0,2,7,0,2,4,0,6,6,0,1,4,0,3,2,0
Minnesota Vikings,7,10,0,0.412,344,362,-18,2 - 6 - 0,5 - 4 - 0,2 - 4 - 0,0.333,6 - 6 - 0,0.5,1 - 4 - 0,4L,1 - 4 - 0,2023,2,6,0,5,4,0,2,4,0,6,6,0,1,4,0,1,4,0
New York Jets,7,10,0,0.412,268,355,-87,4 - 5 - 0,3 - 5 - 0,2 - 4 - 0,0.333,4 - 8 - 0,0.333,3 - 2 - 0,1W,3 - 2 - 0,2023,4,5,0,3,5,0,2,4,0,4,8,0,3,2,0,3,2,0
Denver Broncos,8,9,0,0.471,357,413,-56,5 - 4 - 0,3 - 5 - 0,3 - 3 - 0,0.5,5 - 7 - 0,0.417,3 - 2 - 0,1L,2 - 3 - 0,2023,5,4,0,3,5,0,3,3,0,5,7,0,3,2,0,2,3,0
Las Vegas Raiders,8,9,0,0.471,332,331,1,6 - 3 - 0,2 - 6 - 0,4 - 2 - 0,0.667,6 - 6 - 0,0.5,2 - 3 - 0,1W,3 - 2 - 0,2023,6,3,0,2,6,0,4,2,0,6,6,0,2,3,0,3,2,0
Cincinnati Bengals,9,8,0,0.529,366,384,-18,6 - 3 - 0,3 - 5 - 0,1 - 5 - 0,0.167,4 - 8 - 0,0.333,5 - 0 - 0,1W,3 - 2 - 0,2023,6,3,0,3,5,0,1,5,0,4,8,0,5,0,0,3,2,0
Green Bay Packers,9,8,0,0.529,383,350,33,5 - 3 - 0,4 - 5 - 0,4 - 2 - 0,0.667,7 - 5 - 0,0.583,2 - 3 - 0,3W,3 - 2 - 0,2023,5,3,0,4,5,0,4,2,0,7,5,0,2,3,0,3,2,0
Indianapolis Colts,9,8,0,0.529,396,415,-19,4 - 5 - 0,5 - 3 - 0,3 - 3 - 0,0.5,7 - 5 - 0,0.583,2 - 3 - 0,1L,2 - 3 - 0,2023,4,5,0,5,3,0,3,3,0,7,5,0,2,3,0,2,3,0
Jacksonville Jaguars,9,8,0,0.529,377,371,6,4 - 5 - 0,5 - 3 - 0,4 - 2 - 0,0.667,6 - 6 - 0,0.5,3 - 2 - 0,1L,1 - 4 - 0,2023,4,5,0,5,3,0,4,2,0,6,6,0,3,2,0,1,4,0
New Orleans Saints,9,8,0,0.529,402,327,75,5 - 3 - 0,4 - 5 - 0,4 - 2 - 0,0.667,6 - 6 - 0,0.5,3 - 2 - 0,2W,4 - 1 - 0,2023,5,3,0,4,5,0,4,2,0,6,6,0,3,2,0,4,1,0
Seattle Seahawks,9,8,0,0.529,364,402,-38,5 - 3 - 0,4 - 5 - 0,2 - 4 - 0,0.333,7 - 5 - 0,0.583,2 - 3 - 0,1W,3 - 2 - 0,2023,5,3,0,4,5,0,2,4,0,7,5,0,2,3,0,3,2,0
Tampa Bay Buccaneers,9,8,0,0.529,348,325,23,4 - 4 - 0,5 - 4 - 0,4 - 2 - 0,0.667,7 - 5 - 0,0.583,2 - 3 - 0,1W,4 - 1 - 0,2023,4,4,0,5,4,0,4,2,0,7,5,0,2,3,0,4,1,0
Houston Texans,10,7,0,0.588,377,353,24,6 - 3 - 0,4 - 4 - 0,4 - 2 - 0,0.667,7 - 5 - 0,0.583,3 - 2 - 0,2W,3 - 2 - 0,2023,6,3,0,4,4,0,4,2,0,7,5,0,3,2,0,3,2,0
Los Angeles Rams,10,7,0,0.588,404,377,27,5 - 3 - 0,5 - 4 - 0,5 - 1 - 0,0.833,8 - 4 - 0,0.667,2 - 3 - 0,4W,4 - 1 - 0,2023,5,3,0,5,4,0,5,1,0,8,4,0,2,3,0,4,1,0
Pittsburgh Steelers,10,7,0,0.588,304,324,-20,5 - 4 - 0,5 - 3 - 0,5 - 1 - 0,0.833,7 - 5 - 0,0.583,3 - 2 - 0,3W,3 - 2 - 0,2023,5,4,0,5,3,0,5,1,0,7,5,0,3,2,0,3,2,0
Buffalo Bills,11,6,0,0.647,451,311,140,7 - 2 - 0,4 - 4 - 0,4 - 2 - 0,0.667,7 - 5 - 0,0.583,4 - 1 - 0,5W,5 - 0 - 0,2023,7,2,0,4,4,0,4,2,0,7,5,0,4,1,0,5,0,0
Cleveland Browns,11,6,0,0.647,396,362,34,8 - 1 - 0,3 - 5 - 0,3 - 3 - 0,0.5,8 - 4 - 0,0.667,3 - 2 - 0,1L,4 - 1 - 0,2023,8,1,0,3,5,0,3,3,0,8,4,0,3,2,0,4,1,0
Kansas City Chiefs,11,6,0,0.647,371,294,77,5 - 4 - 0,6 - 2 - 0,4 - 2 - 0,0.667,9 - 3 - 0,0.75,2 - 3 - 0,2W,3 - 2 - 0,2023,5,4,0,6,2,0,4,2,0,9,3,0,2,3,0,3,2,0
Miami Dolphins,11,6,0,0.647,496,391,105,7 - 2 - 0,4 - 4 - 0,4 - 2 - 0,0.667,7 - 5 - 0,0.583,4 - 1 - 0,2L,2 - 3 - 0,2023,7,2,0,4,4,0,4,2,0,7,5,0,4,1,0,2,3,0
Philadelphia Eagles,11,6,0,0.647,433,428,5,6 - 2 - 0,5 - 4 - 0,4 - 2 - 0,0.667,7 - 5 - 0,0.583,4 - 1 - 0,2L,1 - 4 - 0,2023,6,2,0,5,4,0,4,2,0,7,5,0,4,1,0,1,4,0
Dallas Cowboys,12,5,0,0.706,509,315,194,8 - 0 - 0,4 - 5 - 0,5 - 1 - 0,0.833,9 - 3 - 0,0.75,3 - 2 - 0,2W,3 - 2 - 0,2023,8,0,0,4,5,0,5,1,0,9,3,0,3,2,0,3,2,0
Detroit Lions,12,5,0,0.706,461,395,66,6 - 2 - 0,6 - 3 - 0,4 - 2 - 0,0.667,8 - 4 - 0,0.667,4 - 1 - 0,1W,3 - 2 - 0,2023,6,2,0,6,3,0,4,2,0,8,4,0,4,1,0,3,2,0
San Francisco 49ers,12,5,0,0.706,491,298,193,5 - 3 - 0,7 - 2 - 0,5 - 1 - 0,0.833,10 - 2 - 0,0.833,2 - 3 - 0,1L,3 - 2 - 0,2023,5,3,0,7,2,0,5,1,0,10,2,0,2,3,0,3,2,0
Baltimore Ravens,13,4,0,0.765,483,280,203,6 - 3 - 0,7 - 1 - 0,3 - 3 - 0,0.5,8 - 4 - 0,0.667,5 - 0 - 0,1L,4 - 1 - 0,2023,6,3,0,7,1,0,3,3,0,8,4,0,5,0,0,4,1,0
Cleveland Browns,3,14,0,0.176,258,435,-177,2 - 6 - 0,1 - 8 - 0,2 - 4 - 0,0.333,3 - 9 - 0,0.25,0 - 5 - 0,6L,0 - 5 - 0,2024,2,6,0,1,8,0,2,4,0,3,9,0,0,5,0,0,5,0
New York Giants,3,14,0,0.176,273,415,-142,1 - 8 - 0,2 - 6 - 0,0 - 6 - 0,0.0,1 - 11 - 0,0.083,2 - 3 - 0,1L,1 - 4 - 0,2024,1,8,0,2,6,0,0,6,0,1,11,0,2,3,0,1,4,0
Tennessee Titans,3,14,0,0.176,311,460,-149,1 - 7 - 0,2 - 7 - 0,1 - 5 - 0,0.167,3 - 9 - 0,0.25,0 - 5 - 0,6L,0 - 5 - 0,2024,1,7,0,2,7,0,1,5,0,3,9,0,0,5,0,0,5,0
Jacksonville Jaguars,4,13,0,0.235,320,435,-115,3 - 5 - 0,1 - 8 - 0,3 - 3 - 0,0.5,4 - 8 - 0,0.333,0 - 5 - 0,1L,2 - 3 - 0,2024,3,5,0,1,8,0,3,3,0,4,8,0,0,5,0,2,3,0
Las Vegas Raiders,4,13,0,0.235,309,434,-125,2 - 6 - 0,2 - 7 - 0,0 - 6 - 0,0.0,3 - 9 - 0,0.25,1 - 4 - 0,1L,2 - 3 - 0,2024,2,6,0,2,7,0,0,6,0,3,9,0,1,4,0,2,3,0
New England Patriots,4,13,0,0.235,289,417,-128,2 - 6 - 0,2 - 7 - 0,2 - 4 - 0,0.333,3 - 9 - 0,0.25,1 - 4 - 0,1W,1 - 4 - 0,2024,2,6,0,2,7,0,2,4,0,3,9,0,1,4,0,1,4,0
Carolina Panthers,5,12,0,0.294,341,534,-193,3 - 6 - 0,2 - 6 - 0,2 - 4 - 0,0.333,4 - 8 - 0,0.333,1 - 4 - 0,1W,2 - 3 - 0,2024,3,6,0,2,6,0,2,4,0,4,8,0,1,4,0,2,3,0
Chicago Bears,5,12,0,0.294,310,370,-60,4 - 5 - 0,1 - 7 - 0,1 - 5 - 0,0.167,3 - 9 - 0,0.25,2 - 3 - 0,1W,1 - 4 - 0,2024,4,5,0,1,7,0,1,5,0,3,9,0,2,3,0,1,4,0
New Orleans Saints,5,12,0,0.294,338,398,-60,3 - 6 - 0,2 - 6 - 0,2 - 4 - 0,0.333,4 - 8 - 0,0.333,1 - 4 - 0,4L,1 - 4 - 0,2024,3,6,0,2,6,0,2,4,0,4,8,0,1,4,0,1,4,0
New York Jets,5,12,0,0.294,338,404,-66,3 - 5 - 0,2 - 7 - 0,2 - 4 - 0,0.333,5 - 7 - 0,0.417,0 - 5 - 0,1W,2 - 3 - 0,2024,3,5,0,2,7,0,2,4,0,5,7,0,0,5,0,2,3,0
San Francisco 49ers,6,11,0,0.353,389,436,-47,4 - 5 - 0,2 - 6 - 0,1 - 5 - 0,0.167,4 - 8 - 0,0.333,2 - 3 - 0,4L,1 - 4 - 0,2024,4,5,0,2,6,0,1,5,0,4,8,0,2,3,0,1,4,0
Dallas Cowboys,7,10,0,0.412,350,468,-118,2 - 7 - 0,5 - 3 - 0,3 - 3 - 0,0.5,5 - 7 - 0,0.417,2 - 3 - 0,2L,2 - 3 - 0,2024,2,7,0,5,3,0,3,3,0,5,7,0,2,3,0,2,3,0
Arizona Cardinals,8,9,0,0.471,400,379,21,6 - 3 - 0,2 - 6 - 0,3 - 3 - 0,0.5,4 - 8 - 0,0.333,4 - 1 - 0,1W,2 - 3 - 0,2024,6,3,0,2,6,0,3,3,0,4,8,0,4,1,0,2,3,0
Atlanta Falcons,8,9,0,0.471,389,423,-34,4 - 5 - 0,4 - 4 - 0,4 - 2 - 0,0.667,7 - 5 - 0,0.583,1 - 4 - 0,2L,2 - 3 - 0,2024,4,5,0,4,4,0,4,2,0,7,5,0,1,4,0,2,3,0
Indianapolis Colts,8,9,0,0.471,377,427,-50,5 - 3 - 0,3 - 6 - 0,3 - 3 - 0,0.5,7 - 5 - 0,0.583,1 - 4 - 0,1W,3 - 2 - 0,2024,5,3,0,3,6,0,3,3,0,7,5,0,1,4,0,3,2,0
Miami Dolphins,8,9,0,0.471,345,364,-19,5 - 3 - 0,3 - 6 - 0,3 - 3 - 0,0.5,6 - 6 - 0,0.5,2 - 3 - 0,1L,3 - 2 - 0,2024,5,3,0,3,6,0,3,3,0,6,6,0,2,3,0,3,2,0
Cincinnati Bengals,9,8,0,0.529,472,434,38,3 - 5 - 0,6 - 3 - 0,3 - 3 - 0,0.5,6 - 6 - 0,0.5,3 - 2 - 0,5W,5 - 0 - 0,2024,3,5,0,6,3,0,3,3,0,6,6,0,3,2,0,5,0,0
Denver Broncos,10,7,0,0.588,425,311,114,6 - 2 - 0,4 - 5 - 0,3 - 3 - 0,0.5,6 - 6 - 0,0.5,4 - 1 - 0,1W,3 - 2 - 0,2024,6,2,0,4,5,0,3,3,0,6,6,0,4,1,0,3,2,0
Houston Texans,10,7,0,0.588,372,372,0,5 - 3 - 0,5 - 4 - 0,5 - 1 - 0,0.833,8 - 4 - 0,0.667,2 - 3 - 0,1W,3 - 2 - 0,2024,5,3,0,5,4,0,5,1,0,8,4,0,2,3,0,3,2,0
Los Angeles Rams,10,7,0,0.588,367,386,-19,5 - 4 - 0,5 - 3 - 0,4 - 2 - 0,0.667,6 - 6 - 0,0.5,4 - 1 - 0,1L,4 - 1 - 0,2024,5,4,0,5,3,0,4,2,0,6,6,0,4,1,0,4,1,0
Pittsburgh Steelers,10,7,0,0.588,380,347,33,5 - 3 - 0,5 - 4 - 0,3 - 3 - 0,0.5,7 - 5 - 0,0.583,3 - 2 - 0,4L,1 - 4 - 0,2024,5,3,0,5,4,0,3,3,0,7,5,0,3,2,0,1,4,0
Seattle Seahawks,10,7,0,0.588,375,368,7,3 - 6 - 0,7 - 1 - 0,4 - 2 - 0,0.667,6 - 6 - 0,0.5,4 - 1 - 0,2W,3 - 2 - 0,2024,3,6,0,7,1,0,4,2,0,6,6,0,4,1,0,3,2,0
Tampa Bay Buccaneers,10,7,0,0.588,502,385,117,5 - 4 - 0,5 - 3 - 0,4 - 2 - 0,0.667,8 - 4 - 0,0.667,2 - 3 - 0,2W,4 - 1 - 0,2024,5,4,0,5,3,0,4,2,0,8,4,0,2,3,0,4,1,0
Green Bay Packers,11,6,0,0.647,460,338,122,6 - 3 - 0,5 - 3 - 0,1 - 5 - 0,0.167,6 - 6 - 0,0.5,5 - 0 - 0,2L,2 - 3 - 0,2024,6,3,0,5,3,0,1,5,0,6,6,0,5,0,0,2,3,0
Los Angeles Chargers,11,6,0,0.647,402,301,101,5 - 3 - 0,6 - 3 - 0,4 - 2 - 0,0.667,8 - 4 - 0,0.667,3 - 2 - 0,3W,3 - 2 - 0,2024,5,3,0,6,3,0,4,2,0,8,4,0,3,2,0,3,2,0
Baltimore Ravens,12,5,0,0.706,518,361,157,6 - 2 - 0,6 - 3 - 0,4 - 2 - 0,0.667,8 - 4 - 0,0.667,4 - 1 - 0,4W,4 - 1 - 0,2024,6,2,0,6,3,0,4,2,0,8,4,0,4,1,0,4,1,0
Washington Commanders,12,5,0,0.706,485,391,94,7 - 2 - 0,5 - 3 - 0,4 - 2 - 0,0.667,9 - 3 - 0,0.75,3 - 2 - 0,5W,5 - 0 - 0,2024,7,2,0,5,3,0,4,2,0,9,3,0,3,2,0,5,0,0
Buffalo Bills,13,4,0,0.765,525,368,157,8 - 0 - 0,5 - 4 - 0,5 - 1 - 0,0.833,9 - 3 - 0,0.75,4 - 1 - 0,1L,3 - 2 - 0,2024,8,0,0,5,4,0,5,1,0,9,3,0,4,1,0,3,2,0
Minnesota Vikings,14,3,0,0.824,432,332,100,8 - 1 - 0,6 - 2 - 0,4 - 2 - 0,0.667,9 - 3 - 0,0.75,5 - 0 - 0,1L,4 - 1 - 0,2024,8,1,0,6,2,0,4,2,0,9,3,0,5,0,0,4,1,0
Philadelphia Eagles,14,3,0,0.824,463,303,160,8 - 1 - 0,6 - 2 - 0,5 - 1 - 0,0.833,9 - 3 - 0,0.75,5 - 0 - 0,2W,4 - 1 - 0,2024,8,1,0,6,2,0,5,1,0,9,3,0,5,0,0,4,1,0
Detroit Lions,15,2,0,0.882,564,342,222,7 - 2 - 0,8 - 0 - 0,6 - 0 - 0,1.0,11 - 1 - 0,0.917,4 - 1 - 0,3W,4 - 1 - 0,2024,7,2,0,8,0,0,6,0,0,11,1,0,4,1,0,4,1,0
Kansas City Chiefs,15,2,0,0.882,385,326,59,8 - 0 - 0,7 - 2 - 0,5 - 1 - 0,0.833,10 - 2 - 0,0.833,5 - 0 - 0,1L,4 - 1 - 0,2024,8,0,0,7,2,0,5,1,0,10,2,0,5,0,0,4,1,0
